,年,月,金沢,輪島,小松,,金沢,輪島,小松,,金沢,輪島,小松
2021年1月1日,2021,1,3.5,1.1,3.1,,2.5,0.1,///,,8.5,15,14
2021年1月2日,2021,1,2.2,1.3,2,,0,0,///,,22,19,15.5
2021年1月3日,2021,1,2.4,1.3,1.7,,1.4,0.6,///,,1.5,8.5,7.5
2021年1月4日,2021,1,5.1,3.4,3.9,,0.8,0.8,///,,11,3.5,11.5
2021年1月5日,2021,1,5.6,4.3,4.7,,0.4,1.6,///,,8,2,9
2021年1月6日,2021,1,4,2.4,4,,3.2,0.5,///,,7.5,30,6.5
2021年1月7日,2021,1,1.4,1.3,1.4,,1.3,0.4,///,,33,17.5,15.5
2021年1月8日,2021,1,0.5,-1.3,-0.1,,0.7,0.2,///,,16.5,16,23
2021年1月9日,2021,1,-0.4,-0.7,-0.6,,0,0.8,///,,37,30.5,45
2021年1月10日,2021,1,0.5,-0.3,0.6,,2.1,0.6,///,,18.5,14,19
2021年1月11日,2021,1,2.1,1.5,1.7,,4.7,3.7,///,,4,13,4
2021年1月12日,2021,1,3.2,2.8,2.7,,0,0.1,///,,10,7.5,11.5
2021年1月13日,2021,1,4.9,4.6,3.6,,3,2.7,///,,15,9.5,11
2021年1月14日,2021,1,6.6,5.9,6.2,,0.7,0,///,,4.5,2.5,1.5
2021年1月15日,2021,1,6.1,4.9,4.8,,8,7.8,///,,--,--,0
2021年1月16日,2021,1,6.1,5.8,5.9,,0,0,///,,37,14.5,31
2021年1月17日,2021,1,1.9,1.4,2.1,,0.5,0,///,,4.5,13.5,11
2021年1月18日,2021,1,1.9,2,1.8,,0.3,1.4,///,,44.5,24,24
2021年1月19日,2021,1,0.7,-1,0.9,,1,0.1,///,,5.5,2,6
2021年1月20日,2021,1,0.8,0.1,0.7,,7.7,5.1,///,,0,0,0
2021年1月21日,2021,1,3.9,1.9,3.3,,9.2,8.4,///,,--,--,0
2021年1月22日,2021,1,6.7,4.7,5.9,,0,0,///,,4.5,5.5,4
2021年1月23日,2021,1,6.4,4.8,5.7,,0,0.1,///,,2.5,0,3
2021年1月24日,2021,1,5.5,7.6,5.2,,0,0,///,,4.5,0,5.5
2021年1月25日,2021,1,6.2,5.7,6.4,,7.7,7.4,///,,0,--,0
2021年1月26日,2021,1,8,6.4,8.2,,3.8,3.8,///,,9.5,10,4.5
2021年1月27日,2021,1,8.5,7.6,8.3,,0.4,1.1,///,,20,11,15.5
2021年1月28日,2021,1,6.1,5.6,5.2,,0,0.8,///,,3.5,15,4
2021年1月29日,2021,1,2.4,0.7,2.2,,2.1,0,///,,9,7,4
2021年1月30日,2021,1,2.4,1.7,2.2,,1.3,1.3,///,,6,5.5,11
2021年1月31日,2021,1,4.4,2,3.7,,5.3,2.4,///,,0.5,0,1.5
2021年2月1日,2021,2,7.4,6.2,7,,2.2,4,///,,6.5,22.5,4
2021年2月2日,2021,2,5.8,4.3,5.5,,0,0,///,,31,12.5,29.5
2021年2月3日,2021,2,3.5,2,3.1,,2.6,1.1,///,,3,6.5,9.5
2021年2月4日,2021,2,4,2.2,3.7,,0,0.2,///,,4.5,7,2.5
2021年2月5日,2021,2,5.7,3.8,5.4,,2.9,3.5,///,,1,0,0.5
2021年2月6日,2021,2,10.5,7.4,9.9,,6.7,3.6,///,,0,4,0
2021年2月7日,2021,2,7.7,5.1,6.2,,0.9,0,///,,2,1,5.5
2021年2月8日,2021,2,1.2,0.8,1.6,,2.2,1.1,///,,15,3,10
2021年2月9日,2021,2,1.6,1.3,1.2,,1.2,2.1,///,,3,2,3.5
2021年2月10日,2021,2,6,4.4,5.3,,2.3,1,///,,1.5,3.5,0.5
2021年2月11日,2021,2,7.5,5.6,6.4,,7.7,3.2,///,,0,0.5,0
2021年2月12日,2021,2,7.4,4.8,5.2,,4.8,7.4,///,,--,--,0
2021年2月13日,2021,2,10.8,8.8,10,,9.7,9.2,///,,--,--,0
2021年2月14日,2021,2,12.3,11.1,12,,8.7,6.6,///,,0,--,0
2021年2月15日,2021,2,9.9,8.9,10.2,,0,0,///,,39,43,38
2021年2月16日,2021,2,4.1,2.9,4.2,,1.3,1,///,,9.5,5.5,8.5
2021年2月17日,2021,2,0.9,0.4,0.7,,0.2,0,///,,24.5,4.5,21.5
2021年2月18日,2021,2,1.4,0.7,1.4,,1.2,0,///,,4,4,3
2021年2月19日,2021,2,4.6,3.7,3.8,,2,0,///,,1.5,1,2
2021年2月20日,2021,2,11.3,9.8,11.2,,4.8,3.6,///,,0,2,4.5
2021年2月21日,2021,2,15.2,12.1,13.8,,8.6,7.1,///,,--,--,0
2021年2月22日,2021,2,15.9,14.4,15.1,,6.5,1.8,///,,0.5,0,1.5
2021年2月23日,2021,2,5.5,3.7,5.6,,3.3,0.6,///,,0,0.5,0.5
2021年2月24日,2021,2,2.6,1.5,2.9,,6.8,1.1,///,,0.5,2,0
2021年2月25日,2021,2,4.2,2.7,3.9,,8.2,6.2,///,,--,--,0
2021年2月26日,2021,2,6,5.6,5.9,,0.2,4.7,///,,0,0.5,0
2021年2月27日,2021,2,3.3,2.3,3.4,,9,5.8,///,,--,0,0
2021年2月28日,2021,2,7.7,6.1,7.2,,9,10.2,///,,--,--,0
2021年3月1日,2021,3,13.1,13.3,14.9,,8.7,6.3,///,,--,--,0
2021年3月2日,2021,3,9,7.6,8.9,,0,0,0,,33.5,29.5,30.5
2021年3月3日,2021,3,3.6,2.3,3.9,,8.2,5.7,10.1,,--,0,0
2021年3月4日,2021,3,9.1,6.6,8.5,,7.2,7.7,7.6,,--,--,0
2021年3月5日,2021,3,10.2,8.5,9.9,,0,0,0,,2,1,5
2021年3月6日,2021,3,7.1,5.9,7.3,,0,0,0,,4.5,4,1
2021年3月7日,2021,3,4.9,3,5.1,,5.9,6,6,,0,--,0
2021年3月8日,2021,3,5.7,3.7,5.8,,0.1,0.8,4.8,,0,--,0
2021年3月9日,2021,3,6.7,4.8,5.3,,8.8,9.4,8.5,,--,--,0
2021年3月10日,2021,3,7.8,4.9,6.5,,7.2,7.9,6,,0,0,0
2021年3月11日,2021,3,6.9,4.1,5.6,,10.6,10.6,10.7,,--,--,0
2021年3月12日,2021,3,10.2,7.9,8.9,,0,0,0.1,,8,0,8
2021年3月13日,2021,3,9.6,9.4,9.4,,0,0,0,,21,19,29
2021年3月14日,2021,3,8.9,7.8,8,,6.3,6.1,8.4,,0,1,0.5
2021年3月15日,2021,3,9.3,8.4,7.7,,9.2,10.4,9.9,,--,0,0
2021年3月16日,2021,3,11.6,9.3,10.9,,0.1,0,0,,3.5,5.5,0.5
2021年3月17日,2021,3,7.7,5.2,7.5,,7.2,8.9,9,,--,--,0
2021年3月18日,2021,3,7.3,6.4,6.6,,10.9,8.4,10.8,,--,--,0
2021年3月19日,2021,3,9.2,6.6,8.1,,9.3,9.3,9.4,,--,--,0
2021年3月20日,2021,3,11.3,8.4,11.3,,4.5,4.4,5.2,,7.5,6.5,9.5
2021年3月21日,2021,3,11.3,10.4,13.1,,0,0,0,,27.5,19.5,23.5
2021年3月22日,2021,3,8.1,6.7,7.9,,5.7,3,7,,4,1.5,2
2021年3月23日,2021,3,9.7,7.1,8.2,,10.2,8.8,11.5,,0,0,0
2021年3月24日,2021,3,11.6,11.2,10.8,,10.6,10.5,10.1,,--,--,0
2021年3月25日,2021,3,12.9,11.4,11.3,,3.2,3.9,3,,0,0,0
2021年3月26日,2021,3,10.9,8.7,9.6,,6.3,5.3,6,,0,8,0
2021年3月27日,2021,3,11.7,9.9,10.7,,7.9,6.2,7.5,,--,--,0
2021年3月28日,2021,3,14.5,13,17.6,,0,0,0,,2.5,7.5,1
2021年3月29日,2021,3,16.1,13.5,16.2,,7.2,6.1,7.3,,0,0,0
2021年3月30日,2021,3,14.1,11.5,13.6,,3.8,2.1,4.9,,--,0,0
2021年3月31日,2021,3,12.1,9.6,11.2,,11.3,10.7,11.6,,--,--,0
2021年4月1日,2021,4,12.1,9,11,,11.4,11.4,11.2,,--,--,0
2021年4月2日,2021,4,16,10.9,13.7,,10.8,10.4,8.8,,--,--,0
2021年4月3日,2021,4,17.4,14.2,17,,9.8,10.7,10.8,,--,--,0
2021年4月4日,2021,4,14.6,13,14.8,,0,0,0,,49,32,33
2021年4月5日,2021,4,9.4,9,9.3,,5.8,8.4,6.1,,2,0,1.5
2021年4月6日,2021,4,10.1,8.1,8.5,,8.4,8,9.4,,--,--,0
2021年4月7日,2021,4,11.2,9.1,10.2,,11.6,11,11.9,,--,--,0
2021年4月8日,2021,4,10.1,7.3,9.4,,7.7,5.7,8.9,,0,0,0
2021年4月9日,2021,4,7.6,5.6,6.9,,8.2,7.1,7.8,,0.5,0,0
2021年4月10日,2021,4,8.1,6,7.5,,11.3,10.8,12.3,,--,--,0
2021年4月11日,2021,4,10.4,7.2,9.4,,12.3,12.1,12.4,,--,--,0
2021年4月12日,2021,4,14.9,12.2,13.9,,9.5,8.6,9.9,,0,--,0
2021年4月13日,2021,4,17.6,15,18.6,,0,0.1,0,,4,6.5,2.5
2021年4月14日,2021,4,8.8,8.2,9.2,,0.1,1,0.2,,7,0.5,4.5
2021年4月15日,2021,4,9.2,7.2,8.3,,11.6,11.6,11.1,,--,--,0
2021年4月16日,2021,4,15.5,13.9,15,,6.4,6.6,6.8,,0,0,0
2021年4月17日,2021,4,13.4,12.9,13.3,,0,0,0,,39.5,36.5,36
2021年4月18日,2021,4,11.3,9.8,10.9,,3.9,0.1,5.5,,7.5,12.5,9.5
2021年4月19日,2021,4,13.8,13.2,12.6,,10.4,10.5,10.4,,--,--,0
2021年4月20日,2021,4,16.2,14.7,15.1,,12.2,11.3,12.4,,--,--,0
2021年4月21日,2021,4,14.2,10.1,13.3,,12.3,12.5,12.5,,--,--,0
2021年4月22日,2021,4,14.4,10.8,13.2,,12.6,12.3,11.8,,--,--,0
2021年4月23日,2021,4,13.9,11.2,13.9,,11.6,12,11.3,,--,--,0
2021年4月24日,2021,4,15.9,11.5,15.1,,9.1,9.6,10.1,,--,--,0
2021年4月25日,2021,4,12.8,10.4,12.9,,5.4,3,6,,0,0,0
2021年4月26日,2021,4,10,8.6,10.5,,12.2,12.5,13,,--,--,0
2021年4月27日,2021,4,13.3,10,12.3,,12.6,12.8,12.1,,--,--,0
2021年4月28日,2021,4,16.7,15.8,17.3,,0.8,0.6,0.1,,19,0.5,12.5
2021年4月29日,2021,4,13.3,12.1,13.1,,0,0,0,,78,45.5,59.5
2021年4月30日,2021,4,15.3,12.2,14.4,,6.6,2.9,6.1,,2,5.5,4.5
2021年5月1日,2021,5,14.8,13.7,14.1,,2.4,3.5,0.5,,9.5,1.5,11
2021年5月2日,2021,5,11.2,11,10.8,,0,0.3,0,,30.5,3,28.5
2021年5月3日,2021,5,13.6,12.3,13.1,,9,6.9,7.7,,0,0,0.5
2021年5月4日,2021,5,17.5,16,16.8,,11.3,11.1,11.6,,--,--,0
2021年5月5日,2021,5,17,15,17.3,,0,0,0,,7.5,14.5,2.5
2021年5月6日,2021,5,16.7,16.2,15.9,,11.9,11.4,11.9,,--,--,0
2021年5月7日,2021,5,18.3,18.4,17.5,,1.9,2.9,1.8,,0,1,0
2021年5月8日,2021,5,20.5,18.1,20.4,,5.9,6.7,6.2,,0,1,0
2021年5月9日,2021,5,18.5,17.2,18.1,,8.8,10.7,8.9,,5,0,3.5
2021年5月10日,2021,5,15.6,15.1,13.9,,6.5,4.3,6.6,,0,0,3
2021年5月11日,2021,5,15.6,13.7,14.9,,9.8,11.4,9.6,,--,--,0
2021年5月12日,2021,5,17.3,14.5,16.7,,10.6,10.5,8.5,,--,--,0
2021年5月13日,2021,5,19.8,16.9,18.5,,4.5,12.4,3.5,,--,--,0
2021年5月14日,2021,5,20.1,17.3,19,,9.8,7.7,9.4,,--,--,0
2021年5月15日,2021,5,23.7,20.6,23.6,,10.5,10.3,11.1,,0,--,0
2021年5月16日,2021,5,22.8,20.1,22.9,,0,0,0,,12.5,17.5,8
2021年5月17日,2021,5,18.9,17.5,18.9,,0,0,0,,94.5,19.5,83.5
2021年5月18日,2021,5,17.3,15.3,17.1,,1.4,0,0,,4,5.5,3
2021年5月19日,2021,5,18.1,16.7,17.7,,0.4,0.6,0.5,,0.5,1,0.5
2021年5月20日,2021,5,17.3,17.5,15.9,,0.5,4.3,0,,17.5,19,15
2021年5月21日,2021,5,19.8,19.1,19.4,,0,0.1,0,,34.5,21.5,34.5
2021年5月22日,2021,5,17.5,17.1,17.5,,2.1,2.9,1.2,,2.5,4,3.5
2021年5月23日,2021,5,17.7,15.8,17.7,,8.1,0.1,8.9,,2,1.5,0
2021年5月24日,2021,5,19.6,18.7,19.1,,3.1,2.4,2.5,,4,1,6
2021年5月25日,2021,5,18.6,17.9,18.8,,7.5,5.8,7.3,,7,4.5,6
2021年5月26日,2021,5,17.8,16.5,17.3,,7.4,8,7.4,,--,0,0
2021年5月27日,2021,5,16.3,16.1,15.7,,0,0,0,,8.5,6.5,12.5
2021年5月28日,2021,5,20.7,19.7,21.3,,10.8,11.5,11.3,,0,0,0
2021年5月29日,2021,5,18.7,17.8,18.8,,6.2,5.3,4.3,,2,7,1
2021年5月30日,2021,5,18.1,16.2,17.3,,9.7,6.9,10.2,,--,0,0
2021年5月31日,2021,5,18.3,16,17.6,,9.5,8.2,9.6,,--,--,0
2021年6月1日,2021,6,19.9,16.3,19.1,,12.7,12.9,12.6,,--,--,0
2021年6月2日,2021,6,22.3,19.2,21.7,,9.8,10,10.4,,--,--,0
2021年6月3日,2021,6,23,21.3,23,,8.7,9.2,7.8,,0,0,0
2021年6月4日,2021,6,18.8,18,20.4,,0.1,0,0,,63,43.5,42.5
2021年6月5日,2021,6,20.4,19.2,19.7,,8.8,11.5,8.4,,--,--,0
2021年6月6日,2021,6,21.5,21.4,20.8,,6.2,6.9,6.1,,--,--,0
2021年6月7日,2021,6,23.4,22,22.3,,11.7,10.8,10.7,,--,0,0
2021年6月8日,2021,6,21.7,20.3,20.8,,3.3,4.9,2.5,,--,0,0
2021年6月9日,2021,6,21.2,19,20.3,,12.3,12.2,10.3,,--,--,0
2021年6月10日,2021,6,25.1,22.3,24,,13.4,13.6,13.4,,--,--,0
2021年6月11日,2021,6,24.9,23.5,25,,9.5,8.4,7.9,,--,--,0
2021年6月12日,2021,6,24.7,23.1,24.6,,3.4,0.8,3.7,,0,0,0
2021年6月13日,2021,6,23.1,20.9,22.5,,0.3,0,0.2,,0,5.5,1
2021年6月14日,2021,6,22.2,20.3,22.5,,5.6,0,6,,10,51,3
2021年6月15日,2021,6,22.9,19.5,22.6,,8,1.4,7,,--,0,0
2021年6月16日,2021,6,22.6,19.7,22.6,,0.6,0.3,0,,0,0,0
2021年6月17日,2021,6,22,19.3,21.5,,7.8,0.1,5,,0,0.5,0.5
2021年6月18日,2021,6,22.9,21.5,22.7,,2.1,1.5,0.6,,3,3.5,2
2021年6月19日,2021,6,21,20.5,20.9,,0,0,0,,63,28,50.5
2021年6月20日,2021,6,21,19.5,20.5,,6.4,3.2,4.6,,0,0,0
2021年6月21日,2021,6,23,21,21.6,,10.3,11.2,10.3,,--,--,0
2021年6月22日,2021,6,21.9,22,21.5,,2.7,9.8,6,,0,0,0
2021年6月23日,2021,6,21.5,20.2,21.1,,6.4,1.7,3.7,,--,0.5,0
2021年6月24日,2021,6,22.3,20.2,21.8,,9.5,10,9.1,,0,--,0
2021年6月25日,2021,6,23.3,20.9,22.8,,6.5,8.1,8.5,,6,0,13
2021年6月26日,2021,6,24.6,22.5,23.1,,9,9.4,8,,0,5.5,0.5
2021年6月27日,2021,6,23.2,21.8,22.4,,1.8,0.5,0.8,,5,3.5,2.5
2021年6月28日,2021,6,23.7,21.9,23.1,,8.9,5.5,8.6,,--,--,0
2021年6月29日,2021,6,22.8,22.1,23.2,,2,0.2,2.4,,14,0,1
2021年6月30日,2021,6,24.6,22.5,24.1,,6.5,7.3,5.9,,--,--,0
2021年7月1日,2021,7,25.1,24.3,24.5,,5.6,7.4,4.9,,1.5,0.5,1.5
2021年7月2日,2021,7,26.5,24.4,25.5,,8.8,7.5,4.9,,4,1,2.5
2021年7月3日,2021,7,25.6,23.8,24.9,,8,6.4,5.7,,0,0,0
2021年7月4日,2021,7,26.7,24.4,26.1,,0.3,0,0.6,,20.5,22,29
2021年7月5日,2021,7,24.7,23.6,24.5,,0.7,0,0.3,,39,8,20
2021年7月6日,2021,7,24.8,23.7,24.9,,0,0,0,,25.5,33.5,12
2021年7月7日,2021,7,24,23.2,23.7,,1.7,0.2,0,,7,1,15
2021年7月8日,2021,7,24.1,23.1,24.1,,0,0,0,,21,2.5,8.5
2021年7月9日,2021,7,24.4,24,24.7,,0.7,0,0.4,,20,13,16.5
2021年7月10日,2021,7,26.3,24.6,25.5,,1.2,1,1,,3.5,3.5,5.5
2021年7月11日,2021,7,26.3,25.1,25.8,,4,1.4,4,,1.5,3.5,1.5
2021年7月12日,2021,7,26.5,24.9,25,,3.3,1.4,3.9,,0,10.5,1.5
2021年7月13日,2021,7,26.5,24.9,25.6,,10.1,6.6,10.9,,0,0,0
2021年7月14日,2021,7,26.8,25,26,,7.9,8.5,6.2,,--,0,0
2021年7月15日,2021,7,26.1,25.4,25.6,,5.6,9.8,5.1,,3.5,0,2.5
2021年7月16日,2021,7,27.2,26.2,26.2,,4.2,13.1,5.6,,--,--,0
2021年7月17日,2021,7,27.9,26,26.9,,12.9,13.2,13,,--,--,0
2021年7月18日,2021,7,28.4,26.6,27.7,,11,13.4,12.8,,0,--,0
2021年7月19日,2021,7,29.5,27.4,28.4,,13.6,13.4,13.5,,--,--,0
2021年7月20日,2021,7,29.4,26.4,28.3,,13.2,13.5,11.4,,--,--,0
2021年7月21日,2021,7,28.9,26.4,28.4,,11.8,12.6,12.1,,--,--,0
2021年7月22日,2021,7,29,26.4,28.2,,12.4,9.6,13.1,,--,--,0
2021年7月23日,2021,7,29,26.4,28.2,,13.4,12.1,13.1,,--,--,0
2021年7月24日,2021,7,29.2,26.6,28.4,,12,11.8,13.2,,--,--,0
2021年7月25日,2021,7,29.3,27.2,28.1,,8.6,13.2,6.9,,--,--,0
2021年7月26日,2021,7,29,27.6,28.5,,11.6,11.5,11.1,,2,--,0
2021年7月27日,2021,7,26.6,26.8,27,,1.5,0.6,2.7,,1.5,0,0
2021年7月28日,2021,7,26.2,26.5,25.7,,3.2,10.3,2,,9,3,9.5
2021年7月29日,2021,7,27.6,26.9,26.8,,7.6,9.3,6.2,,--,0,9
2021年7月30日,2021,7,28.4,27.3,27.2,,12.2,10.7,12.3,,--,--,0
2021年7月31日,2021,7,28.1,26.9,27.4,,11.9,11.2,11,,0,0,0
2021年8月1日,2021,8,29,27.1,27.9,,12.3,6.9,11.5,,0,--,0
2021年8月2日,2021,8,30.1,28.5,29.1,,11.8,10.6,12.2,,--,--,0
2021年8月3日,2021,8,30,28.6,29.4,,6.1,5.6,3.6,,0,0,0
2021年8月4日,2021,8,30.5,29.7,29.2,,13.5,12.3,13.3,,--,--,0
2021年8月5日,2021,8,30.5,28.7,29.2,,11.6,11.5,9.9,,0.5,--,0
2021年8月6日,2021,8,30.1,29,28.9,,11.3,11.6,9.7,,0,--,0
2021年8月7日,2021,8,30,28.9,29,,9.6,6.2,9.6,,0.5,0,0.5
2021年8月8日,2021,8,29.7,29.4,28.9,,7.4,8.1,8,,0,--,0
2021年8月9日,2021,8,28.8,28.2,27.9,,4.1,2.3,3.5,,40,21.5,41
2021年8月10日,2021,8,25.3,24.8,25.2,,1.8,2.2,5.6,,22.5,16,34.5
2021年8月11日,2021,8,25.6,24.2,25.1,,6.7,7,6.1,,2.5,0.5,3
2021年8月12日,2021,8,24.9,24.4,24.8,,0,0.4,0,,33.5,1,8
2021年8月13日,2021,8,22.3,22.1,22.3,,0,0,0,,71.5,32,44
2021年8月14日,2021,8,22.2,22.5,22.5,,0,0,0,,37.5,11.5,31
2021年8月15日,2021,8,23.6,23.6,23.8,,2.9,7.7,7,,15,0,17.5
2021年8月16日,2021,8,24.5,23.2,23.8,,2.2,1.6,1.8,,--,0,0
2021年8月17日,2021,8,23.4,21.9,23.3,,0,0,0,,32.5,22,28.5
2021年8月18日,2021,8,24.7,22.8,24.7,,1.7,0,0.6,,2.5,10,1.5
2021年8月19日,2021,8,26.2,24.3,24.9,,3.1,4.8,1.8,,0.5,4,3
2021年8月20日,2021,8,27.2,25.8,25.7,,8.7,10.8,7.1,,--,13,0
2021年8月21日,2021,8,27.9,26.4,26.7,,3.8,6.4,3.4,,0,0,0
2021年8月22日,2021,8,28.8,28,29.2,,5.6,6.6,5.2,,3,6,0
2021年8月23日,2021,8,27.1,26.6,26.8,,6.8,5.7,6.9,,1,0,5.5
2021年8月24日,2021,8,26.2,23.9,26,,0,0,0.1,,15.5,13,12.5
2021年8月25日,2021,8,28.8,26.2,28.8,,0.2,1.9,0.2,,11.5,16.5,4
2021年8月26日,2021,8,29.1,27.6,28.3,,7.1,4.1,5.8,,0,0,0
2021年8月27日,2021,8,27.1,26.2,26.2,,9.2,11.6,10.9,,--,--,0
2021年8月28日,2021,8,26.4,25.2,25.3,,4.5,4.4,3.9,,1.5,0.5,2.5
2021年8月29日,2021,8,27,24.9,26,,11.6,9.8,11.8,,--,--,0
2021年8月30日,2021,8,26.9,24.9,26.5,,3.3,5.7,1.7,,2.5,26.5,0.5
2021年8月31日,2021,8,25.9,23.7,25.3,,3.4,6.1,2.8,,0,--,0
2021年9月1日,2021,9,22.4,19.4,23.3,,0,0,0,,21.5,47,25.5
2021年9月2日,2021,9,22.7,22.5,23.1,,0,7.4,0.1,,20.5,1,35
2021年9月3日,2021,9,22.9,23.3,22.6,,1,0.7,2.3,,3,4,1
2021年9月4日,2021,9,22.8,22.4,23.2,,0.3,2.4,1.2,,13,7.5,0.5
2021年9月5日,2021,9,24.3,22.8,23.6,,9.1,5.4,8.9,,0,0,0
2021年9月6日,2021,9,23.7,22.1,23.2,,8.4,6,10,,0,3,0
2021年9月7日,2021,9,23.2,21.9,22.9,,6.4,6.8,7.4,,--,0,0
2021年9月8日,2021,9,22.2,22,23.1,,0,0,0,,21.5,39.5,17
2021年9月9日,2021,9,24.1,22.7,23.6,,10.1,5,8.9,,12,2.5,21.5
2021年9月10日,2021,9,24.1,22.1,23.2,,5.2,5.6,6.8,,0,0,0
2021年9月11日,2021,9,24.1,23.1,23.3,,6.9,7.1,6.3,,2,0,1
2021年9月12日,2021,9,23.9,23.7,22.7,,1.3,10.8,0.4,,--,0,0
2021年9月13日,2021,9,23.2,21.4,22.9,,7.5,10,8.1,,--,--,0
2021年9月14日,2021,9,22.5,20.5,21.9,,1.7,6.3,1.3,,--,--,0
2021年9月15日,2021,9,23.1,21.6,23,,9.2,9.5,11,,--,--,0
2021年9月16日,2021,9,23.7,21.4,22.3,,9.9,8.1,10.1,,--,0,0
2021年9月17日,2021,9,24.2,21.3,23.2,,0.3,0.6,0,,0.5,13.5,1.5
2021年9月18日,2021,9,23.1,21.9,22.8,,0.3,0,0,,10.5,22,12
2021年9月19日,2021,9,23.4,22.9,23.9,,8.9,9.6,10.8,,--,--,0
2021年9月20日,2021,9,24.9,21.5,24.9,,9.6,11.2,10.7,,--,--,0
2021年9月21日,2021,9,25.3,23.8,24.3,,11.6,11,11.7,,--,--,0
2021年9月22日,2021,9,22.8,22.3,22.7,,0.4,1.1,0,,49.5,7,38
2021年9月23日,2021,9,23.6,22.4,22.5,,7.2,4.8,5.7,,0,0.5,0
2021年9月24日,2021,9,22.5,21,21.8,,6.7,2.3,9.1,,0,2,0
2021年9月25日,2021,9,22.4,20.1,22.6,,9,10.8,10.1,,--,--,0
2021年9月26日,2021,9,21,19.9,21.5,,0.2,0.3,0.9,,5.5,7.5,2
2021年9月27日,2021,9,22.7,20.7,22.2,,9.1,7.5,9.5,,0,--,0
2021年9月28日,2021,9,23.9,21.5,22.6,,2.6,2.3,2.5,,--,--,0
2021年9月29日,2021,9,25.1,23.6,24.2,,5.1,5.1,5,,0,0,0
2021年9月30日,2021,9,24.2,23.2,24.2,,6.3,4.1,6,,0,0,0
2021年10月1日,2021,10,22.9,23.2,22.8,,0,0,0,,1,0.5,3.5
2021年10月2日,2021,10,22.2,20.7,21.6,,6.9,4.2,8.7,,0,18,0
2021年10月3日,2021,10,22.2,20.3,21,,10.9,10.6,11.1,,--,--,0
2021年10月4日,2021,10,24.1,22.3,23.2,,10,9.6,9.5,,--,--,0
2021年10月5日,2021,10,24.5,23.8,23.1,,10.2,8.6,10.1,,--,0,0
2021年10月6日,2021,10,21.1,19.6,20.6,,4.9,1,7.7,,10,4,3.5
2021年10月7日,2021,10,22.9,21.1,22.3,,11,8.3,10.5,,--,0,0
2021年10月8日,2021,10,24,22,23.3,,8,4.1,8.8,,--,0,0
2021年10月9日,2021,10,23.5,21.4,23.4,,6.8,3.1,6.4,,0,0.5,0
2021年10月10日,2021,10,24.7,23.5,24.2,,10.8,10.2,10.9,,--,--,0
2021年10月11日,2021,10,22.2,20,23,,6.5,1.4,5.4,,0,7,2
2021年10月12日,2021,10,18.3,17.6,19.2,,0,0,0,,16,43,5.5
2021年10月13日,2021,10,19.4,18.3,19.7,,0.2,3.9,0,,12,3.5,14
2021年10月14日,2021,10,19.7,17.1,19.1,,10.1,9.9,9.9,,--,--,0
2021年10月15日,2021,10,19.6,18.3,18.5,,7,7.7,6.7,,--,0.5,0
2021年10月16日,2021,10,19.8,18.3,19.4,,4.2,0,2.5,,27,27,27
2021年10月17日,2021,10,13.4,12.8,13.1,,0.6,0,0.2,,20,15,20.5
2021年10月18日,2021,10,13,11.8,12.6,,7.1,5.6,9.8,,--,2.5,0
2021年10月19日,2021,10,16.2,14.1,15,,7.1,6.7,6,,7.5,5.5,17
2021年10月20日,2021,10,14.1,13.4,13.5,,1,0.3,0.3,,9,8.5,19
2021年10月21日,2021,10,12.1,11.5,12.1,,5.1,2.2,6.5,,2.5,0,0.5
2021年10月22日,2021,10,13.6,13.5,12.9,,8.4,7.4,7.8,,--,0,0
2021年10月23日,2021,10,13.2,13.2,12.5,,2.3,2.8,2.4,,0,0,3.5
2021年10月24日,2021,10,14.2,12,13.1,,9.5,5.5,9.7,,--,0,0
2021年10月25日,2021,10,14.1,12.9,13,,0,0,0,,4.5,1,4.5
2021年10月26日,2021,10,15.3,15,14.6,,6.1,8.5,10.3,,1,16,0.5
2021年10月27日,2021,10,16.4,14.2,15,,5.2,1.5,4.4,,0,0,0
2021年10月28日,2021,10,16.2,15.3,14.8,,5.4,7.7,4.9,,0,0,0
2021年10月29日,2021,10,14.2,13.7,13.7,,8.5,4.7,9.1,,--,0,0
2021年10月30日,2021,10,14.6,13.2,13.4,,9,6.5,9.6,,--,--,0
2021年10月31日,2021,10,16.6,14.5,15.2,,3.9,0.8,3.4,,--,0,0
2021年11月1日,2021,11,16.7,14.9,15.4,,3.5,1.2,4.1,,0,0,0
2021年11月2日,2021,11,16.1,14.2,14.7,,5.8,6.9,5.5,,0,0,0
2021年11月3日,2021,11,14.6,13.9,13.9,,6.6,3,8,,0,0,0
2021年11月4日,2021,11,14.3,11.9,12.7,,7.9,5.2,6.5,,0,1,1
2021年11月5日,2021,11,14.7,12.4,13.1,,8.1,4.8,8.8,,0,0,0
2021年11月6日,2021,11,13.9,12.6,12.5,,9.8,6.1,9.6,,--,0,0
2021年11月7日,2021,11,14.5,12.7,13.1,,9.9,7.8,9.8,,--,--,0
2021年11月8日,2021,11,16.5,15.2,15,,6.9,7.2,6.5,,--,--,0
2021年11月9日,2021,11,14,13.6,13.6,,0,0,0,,34,27.5,48
2021年11月10日,2021,11,10.5,10.8,10.5,,0,1.8,1.3,,111,46.5,50
2021年11月11日,2021,11,11,12.3,10.6,,0,0.9,0.4,,46,10,38.5
2021年11月12日,2021,11,9.4,9.2,8.9,,0.5,3,0.8,,55.5,48.5,53
2021年11月13日,2021,11,11.4,10.5,10.4,,5.5,3.6,5.4,,1.5,8,1
2021年11月14日,2021,11,12.8,11.1,12,,2.3,1.4,1.9,,0,4.5,0
2021年11月15日,2021,11,13.7,12,12.7,,2.8,4.1,3,,6.5,5,1.5
2021年11月16日,2021,11,12.4,11.6,12.1,,5.5,6.2,5,,1.5,0,1
2021年11月17日,2021,11,12.2,9.5,10.8,,8.5,3.4,8.1,,--,0,0
2021年11月18日,2021,11,14.3,10.9,13.1,,7.7,1.6,7.4,,0,3.5,0.5
2021年11月19日,2021,11,14.5,13.1,13.8,,7.8,4.2,9,,0,0,0
2021年11月20日,2021,11,13.4,11,13.1,,7.8,8.8,9.4,,--,--,0
2021年11月21日,2021,11,12.8,10.6,11.7,,3.8,3.2,2.8,,--,--,0
2021年11月22日,2021,11,12.6,12,14.1,,0,0,0,,59,44.5,42
2021年11月23日,2021,11,8.8,8.2,8.2,,0.4,0.7,0.2,,11,8.5,25
2021年11月24日,2021,11,8.9,9.1,8.5,,1.1,2.3,1.3,,26,11,24
2021年11月25日,2021,11,11.2,10.5,10.9,,1.1,0.1,1.9,,24,18.5,11.5
2021年11月26日,2021,11,10.3,8.2,10.4,,3.2,1.1,3.2,,16.5,8.5,6.5
2021年11月27日,2021,11,7.1,8.1,7.3,,2.5,1.7,3,,11.5,4.5,5.5
2021年11月28日,2021,11,7.6,6.8,6.9,,8,4.7,8.5,,0.5,0,0
2021年11月29日,2021,11,8,6.6,6.7,,9,8.1,8.1,,--,--,0
2021年11月30日,2021,11,12,11.2,12.5,,7,6.1,6.7,,0,2.5,1.5
2021年12月1日,2021,12,9.5,8.5,8.9,,0.5,1,0.1,,35,46,45
2021年12月2日,2021,12,7,5.9,7.3,,1.9,2.6,2.4,,3,7.5,2.5
2021年12月3日,2021,12,9,7.9,9.1,,6.6,3.1,6,,20.5,19.5,23
2021年12月4日,2021,12,7.1,5.8,7,,0.1,1.4,0.1,,12.5,6.5,18
2021年12月5日,2021,12,5.1,4.2,5.4,,3.6,2.3,5.6,,0,0,0
2021年12月6日,2021,12,7.4,6.8,7.3,,0.1,0,0.3,,2.5,1,2
2021年12月7日,2021,12,10.5,11.8,10.6,,0,0,0,,22.5,11,6.5
2021年12月8日,2021,12,11.4,12.1,11.2,,0.2,0,0,,2.5,0,3
2021年12月9日,2021,12,10.1,10.5,9.6,,6.9,7.5,8.8,,--,0,0
2021年12月10日,2021,12,10.6,8.3,9.4,,6.8,2.6,7.2,,--,--,0
2021年12月11日,2021,12,12,9.3,11.1,,5.5,6.5,3.8,,0,1.5,1.5
2021年12月12日,2021,12,12.7,10.6,12.2,,0.1,0,0,,15,27,13.5
2021年12月13日,2021,12,5.1,4.7,5.3,,0,0,0,,5,0,6
2021年12月14日,2021,12,7.2,6.7,6.3,,9.2,8.2,9,,--,8.5,0
2021年12月15日,2021,12,10,9.4,8.8,,1.5,2,0.8,,6,13.5,8.5
2021年12月16日,2021,12,11.9,9.6,10.7,,0,0,0.1,,11,27.5,5.5
2021年12月17日,2021,12,7.7,6.7,7.8,,0.2,0,0,,46,35,32.5
2021年12月18日,2021,12,1.5,0.6,1.6,,1.4,1.1,0.7,,4,7,4.5
2021年12月19日,2021,12,4.3,2.7,3.5,,0.5,0.5,0,,23.5,14.5,29.5
2021年12月20日,2021,12,6.9,5.3,6.6,,0.9,0.4,1.2,,5,11.5,6.5
2021年12月21日,2021,12,10.9,9.7,10.4,,4,1,3.4,,5,4,3
2021年12月22日,2021,12,6.1,5.1,6.2,,0.2,3.5,0,,0.5,0,1
2021年12月23日,2021,12,5.8,3.7,5.5,,7.5,1.4,8.2,,1,0,0
2021年12月24日,2021,12,11.1,8.8,10.4,,3.9,4,4.2,,4.5,0.5,0.5
2021年12月25日,2021,12,3.4,2.1,3.8,,0.2,0,0,,21.5,16,29
2021年12月26日,2021,12,0.1,-0.9,0.1,,0.2,0.4,0,,5.5,3,8.5
2021年12月27日,2021,12,1.6,0.5,0.5,,0,0.4,0,,10.5,6,21
2021年12月28日,2021,12,2.1,1.5,2,,0.5,0,0.8,,2,0.5,1.5
2021年12月29日,2021,12,4.7,4.4,4.4,,2.4,0.4,0.5,,16,11.5,9
2021年12月30日,2021,12,4.5,4.6,5,,0.2,0.1,0.3,,37.5,17,26
2021年12月31日,2021,12,0.4,-0.7,0.6,,0.4,0.2,0.3,,20,4.5,22.5
2022年1月1日,2022,1,1.3,0.2,0.7,,0.5,0.1,0,,2.5,2,2.5
2022年1月2日,2022,1,4.5,3.4,3.4,,5.8,4,5.3,,7.5,5.5,10
2022年1月3日,2022,1,4.9,4.1,4.2,,2.9,2,3.1,,6,5,5
2022年1月4日,2022,1,4.7,3.1,4.6,,0,0,0.2,,4,5,4.5
2022年1月5日,2022,1,1,0.9,1.2,,1.1,2.1,2.2,,3,2,1.5
2022年1月6日,2022,1,3.3,1.8,2.7,,8.1,6.7,8.2,,1,4.5,3
2022年1月7日,2022,1,3.4,3.2,3.7,,1.6,0.7,1,,0.5,0,0.5
2022年1月8日,2022,1,5.6,4.4,5.4,,6.5,8.5,7.3,,0,0.5,0
2022年1月9日,2022,1,6.8,6.4,7,,0,0.6,0.1,,9,12,4
2022年1月10日,2022,1,5.7,3,5.3,,6.9,6.1,6.8,,--,--,0
2022年1月11日,2022,1,6,5.3,5.8,,0,0,0,,25,24,24.5
2022年1月12日,2022,1,2.2,1.2,2,,1.2,0.6,1.5,,5.5,8,3.5
2022年1月13日,2022,1,1.6,1.6,1.6,,0.1,0,0.5,,32.5,5,23
2022年1月14日,2022,1,2.8,1.7,2.3,,2.3,0.8,0.5,,3,4,4.5
2022年1月15日,2022,1,3.4,3.5,2.8,,0.5,1.4,1.7,,0,0,0
2022年1月16日,2022,1,4.7,5.1,4.2,,0.5,1.3,0.6,,16,24.5,12
2022年1月17日,2022,1,3.7,2.2,3.6,,0.3,0,0.3,,18,12.5,25.5
2022年1月18日,2022,1,1.4,0.5,1,,1.3,0.6,1.2,,8.5,2,7.5
2022年1月19日,2022,1,0.9,0.2,0.6,,2.2,0.2,1.1,,10.5,7.5,7
2022年1月20日,2022,1,0.9,1.7,1.1,,0.3,0.1,0,,23,5.5,20.5
2022年1月21日,2022,1,0.8,0.3,0.8,,1.1,0.1,0.6,,1,1.5,5
2022年1月22日,2022,1,2.5,0.9,2.1,,0,0.5,0,,--,0,0
2022年1月23日,2022,1,3.5,2.2,2.5,,0.9,4,0,,0.5,5.5,0
2022年1月24日,2022,1,3.9,3.8,4.1,,3.4,1.4,7.2,,0,0,2
2022年1月25日,2022,1,3.4,2.4,2.3,,4.4,2.7,3.4,,--,--,0
2022年1月26日,2022,1,6,5.1,5,,3,2.6,2.6,,2.5,7,1
2022年1月27日,2022,1,4.9,3.7,4.4,,5.9,1.1,6.5,,0,0.5,0
2022年1月28日,2022,1,2.4,2.8,3.1,,0.2,0.4,4.8,,0.5,4.5,0
2022年1月29日,2022,1,3.4,2.2,3.8,,0.9,0,1.8,,5,6.5,4.5
2022年1月30日,2022,1,2.2,2.2,2.7,,1.8,0,3.2,,0,0.5,5
2022年1月31日,2022,1,2.8,2.2,2.7,,3.6,2.4,4.3,,0.5,1.5,0.5
2022年2月1日,2022,2,3.5,2.4,3.8,,0.9,2.2,1.8,,9,20,7.5
2022年2月2日,2022,2,4.1,2.8,4.3,,2.1,1.4,3.1,,11,2,7
2022年2月3日,2022,2,4,3.2,3.3,,1,1.4,2.1,,7,6,12
2022年2月4日,2022,2,2.4,1.9,2.6,,1.4,3,2.1,,14.5,23.5,11
2022年2月5日,2022,2,0.5,-0.1,0.8,,0,0.3,0,,24.5,16.5,16.5
2022年2月6日,2022,2,0.4,0.4,0.5,,0.6,0.1,0,,17.5,2.5,11
2022年2月7日,2022,2,1.4,0.8,1.6,,5,2.2,6.6,,3,3,0.5
2022年2月8日,2022,2,2.6,1.6,3.1,,1.7,0,1.4,,0,4,0.5
2022年2月9日,2022,2,3.1,0.8,3.7,,5.3,0.4,9.1,,--,0,0
2022年2月10日,2022,2,2.5,2.1,3,,0.5,0,1.1,,0,0,0
2022年2月11日,2022,2,3.7,2.6,3.3,,9.2,4.8,10.1,,--,0.5,0
2022年2月12日,2022,2,4.7,3.5,4,,7.4,3,6.2,,--,2,0
2022年2月13日,2022,2,4.8,5.3,4.3,,0,0,0,,0,0,0
2022年2月14日,2022,2,5,3.9,4.8,,6,7.8,8.3,,0,--,0
2022年2月15日,2022,2,5.5,4,5.9,,0,0.2,0,,10.5,13.5,7
2022年2月16日,2022,2,2.6,1.8,2.2,,1.3,1.1,0.2,,6.5,22,10.5
2022年2月17日,2022,2,1.4,1.4,1.5,,0.6,1.3,0.9,,5.5,4,5
2022年2月18日,2022,2,3.3,3.1,3,,2.6,0.9,3.2,,2.5,2,3
2022年2月19日,2022,2,3.6,3,3.4,,1.2,1.7,0.9,,10,10.5,8
2022年2月20日,2022,2,3,2.2,3,,0.6,0,0.8,,23.5,11.5,10
2022年2月21日,2022,2,0.6,0,0.5,,2.5,0.6,0.2,,7.5,2,8
2022年2月22日,2022,2,0.7,0.1,0.9,,1.6,0,0.8,,28,3.5,20
2022年2月23日,2022,2,0.5,0.2,0.4,,0.8,0.2,0.2,,12,1,9.5
2022年2月24日,2022,2,1.6,2,1.2,,3.6,4.1,3.2,,2,1,6
2022年2月25日,2022,2,5,3.1,4.1,,4.4,1.4,7.5,,0,7,0
2022年2月26日,2022,2,7.7,5.6,6.7,,8.9,6.2,7.9,,0,0.5,0
2022年2月27日,2022,2,7.5,5.8,6.8,,3.3,1.7,2.8,,5.5,3.5,7
2022年2月28日,2022,2,8,6.3,6.8,,5.8,3.7,5.8,,0,2,0
2022年3月1日,2022,3,7.1,6.1,6.2,,0.2,0.1,0,,3.5,8,3
2022年3月2日,2022,3,7.9,5,7,,2.6,7.5,1.1,,0,0,1.5
2022年3月3日,2022,3,6.8,4.2,5.8,,1.5,3.4,1,,1,0,1
2022年3月4日,2022,3,6.2,3.5,5.5,,8,8.8,8.3,,--,--,0
2022年3月5日,2022,3,9.4,6.9,9.3,,3.4,1.3,3.4,,0.5,5.5,2
2022年3月6日,2022,3,4.3,3.5,4.2,,2,1.9,2.9,,1.5,2,3
2022年3月7日,2022,3,4.8,4.2,4.4,,1.3,1,0.1,,0,0,0.5
2022年3月8日,2022,3,4.6,3.1,4.2,,8.8,8.5,10.7,,--,--,0
2022年3月9日,2022,3,6.3,4.3,5.1,,9.7,3.6,10.7,,--,0,0
2022年3月10日,2022,3,7.4,5.3,6.3,,9.1,6.2,8.9,,--,--,0
2022年3月11日,2022,3,11.1,10.1,10,,8.9,9.5,9.6,,--,--,0
2022年3月12日,2022,3,12.2,9.6,11,,9.6,9.1,10.5,,--,--,0
2022年3月13日,2022,3,16.4,14.5,16.4,,1.1,1.8,1.3,,0.5,1.5,1.5
2022年3月14日,2022,3,12.5,10.2,13.1,,1.4,0,2.3,,4.5,2.5,5.5
2022年3月15日,2022,3,11.7,9.3,11.6,,5.6,0.3,5.5,,8,6,8
2022年3月16日,2022,3,10.4,8.4,10.1,,10.2,8.5,10.9,,--,--,0
2022年3月17日,2022,3,9,7.7,8.4,,1.9,1.4,1.4,,--,--,0
2022年3月18日,2022,3,6.5,6,6.9,,0,0,0,,33,29.5,29.5
2022年3月19日,2022,3,6.5,6.2,6.4,,0,0,0,,14,16.5,13
2022年3月20日,2022,3,6.2,5.3,6.3,,4,2.7,6.5,,4,0.5,1.5
2022年3月21日,2022,3,6.8,3.9,6.5,,8.9,2.3,7.1,,--,3,0
2022年3月22日,2022,3,6,4.4,5.9,,4.1,5,4.1,,0,--,1.5
2022年3月23日,2022,3,5.7,4.4,4.9,,1.2,4.3,0.5,,3.5,0.5,3.5
2022年3月24日,2022,3,9.2,7.3,8.6,,6.1,7.7,6.2,,0,1,0.5
2022年3月25日,2022,3,11.5,9.2,10.6,,9.4,9.2,9.5,,0,--,0
2022年3月26日,2022,3,15.7,13,16.6,,0,0,0,,3.5,13,5
2022年3月27日,2022,3,11,9.9,10.6,,5.4,9.3,6.8,,0.5,0.5,0
2022年3月28日,2022,3,9.3,7.9,9,,8.3,9.5,8.2,,2.5,0.5,2
2022年3月29日,2022,3,9.7,7.9,8.4,,2,7.1,0.4,,--,--,0
2022年3月30日,2022,3,14.4,13.4,14.5,,11.4,10,10.5,,--,0,0
2022年3月31日,2022,3,9.7,9.2,10.1,,0,0.2,0,,14,12,6
2022年4月1日,2022,4,6.9,6.8,6.9,,8.5,9.2,8.6,,--,--,0
2022年4月2日,2022,4,6.7,4.9,6,,11.9,11.7,11.7,,--,--,0
2022年4月3日,2022,4,9.7,6.5,8.9,,8.9,10.2,7.2,,0,--,0
2022年4月4日,2022,4,11.1,8.9,10.4,,7.7,6.5,6,,0,--,0
2022年4月5日,2022,4,10.7,9.4,9.8,,10.2,10.6,7.9,,--,--,0
2022年4月6日,2022,4,12.7,10.1,12.4,,9,2.5,10.7,,0,--,0
2022年4月7日,2022,4,13.3,10.8,12.2,,9.1,8,9.3,,5.5,0.5,1
2022年4月8日,2022,4,10.6,8.1,10.2,,11.4,10.4,11.4,,0,--,0
2022年4月9日,2022,4,16,14.8,16.3,,12.2,12,12,,--,--,0
2022年4月10日,2022,4,18.1,17.3,16.6,,11.6,11.6,11.6,,--,--,0
2022年4月11日,2022,4,18.2,16.1,16.8,,6.6,11.1,6.2,,--,--,0
2022年4月12日,2022,4,19.6,18.1,18.5,,12.2,12,12,,--,--,0
2022年4月13日,2022,4,17,13.3,17,,5.5,1.7,5.9,,--,0,0
2022年4月14日,2022,4,11.9,11,13.4,,0,0,0,,34.5,22.5,30.5
2022年4月15日,2022,4,11.8,10.6,11.9,,0.4,0,0,,12,7.5,13
2022年4月16日,2022,4,10.5,9,9.9,,5.4,9.2,5.5,,6,2.5,6
2022年4月17日,2022,4,10.6,8.3,9.5,,12.7,12.4,12.5,,--,--,0
2022年4月18日,2022,4,13.3,11.1,12.3,,4.2,3.1,3.6,,--,--,0
2022年4月19日,2022,4,12.8,10.7,11.7,,11.7,11.7,11.7,,--,--,0
2022年4月20日,2022,4,15.7,12.3,14.6,,12.4,12.4,12.4,,--,--,0
2022年4月21日,2022,4,16.9,16,16.9,,3,5.1,1.1,,15,6.5,15
2022年4月22日,2022,4,16.5,15.2,16.3,,4.8,3.7,5.7,,2,1.5,1
2022年4月23日,2022,4,15.7,14,15.3,,0.1,3.9,0,,--,0,0
2022年4月24日,2022,4,16.9,15.7,16,,1.4,4,1.5,,--,--,0
2022年4月25日,2022,4,19.2,17.7,18.5,,11.4,10.9,12.6,,--,--,0
2022年4月26日,2022,4,20.9,19.1,20.9,,0.1,0,0.1,,15,52,16
2022年4月27日,2022,4,15.4,13.5,15.3,,0,8.4,0,,22,10,20
2022年4月28日,2022,4,13.7,11.4,14.2,,12,12.4,12,,--,--,0
2022年4月29日,2022,4,10.9,10.4,10.8,,0,0,0,,38.5,40,30.5
2022年4月30日,2022,4,11.8,10.2,11.8,,11.6,9.8,12.6,,0,0,0
2022年5月1日,2022,5,11.2,9.6,11,,0.4,0.9,0,,27.5,18.5,27
2022年5月2日,2022,5,12.2,10,12.3,,10.1,5,9.2,,0,0,0
2022年5月3日,2022,5,12.5,10.9,11.8,,11.8,10.6,12.8,,--,0,0
2022年5月4日,2022,5,17.3,15.9,16.7,,12.8,12.8,12.6,,--,--,0
2022年5月5日,2022,5,19.3,17.1,17.6,,13.2,12.9,12.9,,--,--,0
2022年5月6日,2022,5,19.4,18,18.3,,13.3,13,12.8,,--,--,0
2022年5月7日,2022,5,18.4,17.3,17.8,,9,7.5,8.7,,0,0,0
2022年5月8日,2022,5,14.6,12.5,14.4,,10.8,11.5,10.9,,0,--,0
2022年5月9日,2022,5,14.5,12.8,12.6,,4.7,8,2.5,,0,--,0
2022年5月10日,2022,5,15.7,12.7,14.5,,12,13,9.9,,--,--,0
2022年5月11日,2022,5,18.6,17.9,18.2,,1.2,5.7,0.7,,0,0,0
2022年5月12日,2022,5,20.4,18.5,19.7,,3.8,3.4,4.9,,0,6.5,0.5
2022年5月13日,2022,5,19.6,18.3,19.3,,1.5,0.9,1.3,,13.5,28.5,19
2022年5月14日,2022,5,16.1,15.5,16.1,,0.9,4.7,2.4,,16.5,1,15.5
2022年5月15日,2022,5,14.7,14.2,14,,1,2.6,0.5,,--,--,0
2022年5月16日,2022,5,15.7,14,15,,5.3,6.3,6.9,,--,--,0
2022年5月17日,2022,5,16.7,14.6,15.8,,3.4,7.6,2.8,,--,--,0
2022年5月18日,2022,5,19.2,16.3,17.9,,13.2,13.3,13.6,,--,--,0
2022年5月19日,2022,5,21.2,19,20.2,,9.1,11.1,8.5,,--,--,0
2022年5月20日,2022,5,21.9,19.8,20.5,,2,0.7,1.4,,--,--,0
2022年5月21日,2022,5,20.2,19.1,19,,1.3,5.6,1,,0,0,0
2022年5月22日,2022,5,19.6,18.7,19.2,,10.5,6.9,11.4,,1,4,4
2022年5月23日,2022,5,18.8,17.3,18.6,,13.2,10.8,13,,--,0.5,0
2022年5月24日,2022,5,20.2,18.1,19.7,,13.7,13.5,13.4,,--,--,0
2022年5月25日,2022,5,23.2,20.8,22.5,,13.5,13.4,13.6,,--,--,0
2022年5月26日,2022,5,22.7,21.7,23.8,,4.4,7.8,5.5,,0.5,9.5,2
2022年5月27日,2022,5,20.6,19.3,20.8,,8.3,7.9,8.6,,27,30,19
2022年5月28日,2022,5,21.8,19.3,21,,13.1,13.4,12.6,,--,--,0
2022年5月29日,2022,5,23.1,22.1,21.7,,13.5,13.4,13.4,,--,--,0
2022年5月30日,2022,5,23.4,19.6,22,,9,10.2,8.3,,0,0,0
2022年5月31日,2022,5,19.7,18.8,19.1,,3.4,3.3,1.4,,1.5,1,1.5
2022年6月1日,2022,6,19.4,18.3,18.5,,9.1,12.3,7.4,,--,--,0
2022年6月2日,2022,6,21.7,21,20.9,,13.4,11.3,13.3,,--,--,0
2022年6月3日,2022,6,20.3,18.5,20,,7.7,5.6,9,,0,0,0
2022年6月4日,2022,6,19,17.6,18.6,,11.2,7.8,12.9,,--,0,0
2022年6月5日,2022,6,19.3,17.4,21,,7.6,8.9,7.2,,0,2.5,0
2022年6月6日,2022,6,18.1,16.5,18,,0,0,0.2,,36.5,34,29.5
2022年6月7日,2022,6,17.1,16.2,17.1,,2.6,1.1,0.9,,6.5,14.5,6
2022年6月8日,2022,6,17.5,16.2,17.3,,7.7,3.8,6.8,,10,0,3
2022年6月9日,2022,6,19.1,16.8,18.7,,12.6,12.1,14,,--,--,0
2022年6月10日,2022,6,21,18.3,20.5,,9.5,7.2,8.8,,0,1,2
2022年6月11日,2022,6,20.8,18.3,21.4,,0,1.7,0,,--,--,2.5
2022年6月12日,2022,6,19.4,18.1,19.5,,7.6,4.4,13.3,,0,0,0
2022年6月13日,2022,6,18.9,17.4,19.5,,9.5,4.9,8.1,,0,--,0
2022年6月14日,2022,6,19.4,18.5,19.1,,0,0,0,,3,0,5.5
2022年6月15日,2022,6,20.2,19.4,19.9,,0.3,0,0.2,,8.5,6,12.5
2022年6月16日,2022,6,22.8,21.8,22.5,,7.7,6.8,5.3,,2.5,--,2.5
2022年6月17日,2022,6,24.3,22.5,24.1,,11,12.3,11.2,,2,1.5,0
2022年6月18日,2022,6,25.3,23.5,23.9,,4.4,11.4,3.7,,--,--,0
2022年6月19日,2022,6,25.5,24.1,24.8,,11.7,7.7,11.8,,--,0,0
2022年6月20日,2022,6,25.5,24.3,25.1,,10,8.9,9.9,,--,--,0
2022年6月21日,2022,6,25.5,22.5,25,,4.9,5.3,4.5,,--,--,0
2022年6月22日,2022,6,25.1,22.7,24.4,,7.3,11.1,3.2,,0,--,2
2022年6月23日,2022,6,28.3,26.8,28,,9.9,8.4,8.9,,0,0,0
2022年6月24日,2022,6,30.1,26.7,30.1,,2.7,1.6,2.8,,34,14.5,18
2022年6月25日,2022,6,27.8,26.5,27.2,,11.7,9.2,11.6,,4,5,2.5
2022年6月26日,2022,6,29.3,26.9,28.9,,6.7,8.2,5.8,,--,12.5,0
2022年6月27日,2022,6,29.9,25.9,29.3,,6.3,1.6,5.4,,0,1,0
2022年6月28日,2022,6,30.3,28.1,30,,12.1,9.6,12.4,,--,0,0
2022年6月29日,2022,6,30.1,29.2,29.6,,13.4,12.9,13.3,,--,--,0
2022年6月30日,2022,6,29.7,28.6,29,,13.2,12.9,13.4,,--,--,0
2022年7月1日,2022,7,28.4,27.8,27.6,,14.1,13.9,13.8,,--,--,0
2022年7月2日,2022,7,28.3,26.2,27.3,,13.8,13.9,13.9,,--,--,0
2022年7月3日,2022,7,27.8,27,27.2,,1.6,4.3,0.1,,0.5,0.5,0
2022年7月4日,2022,7,27.7,27.7,27,,3.9,6.9,4.5,,35,0,6.5
2022年7月5日,2022,7,27.5,27.3,27.6,,2.6,5.1,1.7,,0,--,0
2022年7月6日,2022,7,27.8,26.2,27.4,,9.1,6.6,10,,0,--,0
2022年7月7日,2022,7,26.1,24.9,25.7,,8.3,0.1,8.7,,--,0,0
2022年7月8日,2022,7,27.2,25,26.4,,9.7,5.7,8,,--,--,0
2022年7月9日,2022,7,26.8,25.8,26.2,,5.9,10.1,2.5,,7,--,5
2022年7月10日,2022,7,26.5,25.8,25.7,,2.7,3.2,3.1,,3,0,10.5
2022年7月11日,2022,7,28.2,26.6,27.5,,7.8,3.8,8.5,,--,0,0
2022年7月12日,2022,7,26.6,26.1,26.3,,2.8,1.7,3.2,,7.5,14,9.5
2022年7月13日,2022,7,26.2,24.9,24.9,,5.2,3,1.7,,8.5,4.5,10
2022年7月14日,2022,7,25.5,25.1,24.5,,0.6,1.8,0.2,,16,3.5,9
2022年7月15日,2022,7,25.9,25.5,25.6,,3.7,4.5,2.9,,24,3,4
2022年7月16日,2022,7,26.5,26,26.1,,7.9,10,7.2,,2.5,0.5,0
2022年7月17日,2022,7,25.9,24.9,25.7,,7.6,6.5,7.1,,3.5,12,2
2022年7月18日,2022,7,27.1,25.3,26.9,,3.3,2.6,2.5,,0,2.5,0
2022年7月19日,2022,7,26.5,25.5,26.2,,0.7,0,0.3,,33,42,47
2022年7月20日,2022,7,26.1,25,25.7,,5.6,2,5.7,,0.5,1,0.5
2022年7月21日,2022,7,25.5,24.1,24.7,,2.1,0.9,2,,17.5,7,30
2022年7月22日,2022,7,25.4,25.2,25.2,,3,2.7,2.8,,19,10,18.5
2022年7月23日,2022,7,24.3,24.2,23.8,,6.8,3.5,4.5,,8.5,9.5,9
2022年7月24日,2022,7,26.1,23.8,25.3,,10.6,5.5,10.5,,0,1.5,0
2022年7月25日,2022,7,28.2,27.1,27.5,,3.8,6.7,3.4,,0,0,0
2022年7月26日,2022,7,27.9,25.8,27.4,,8.9,2.3,9.1,,--,--,0
2022年7月27日,2022,7,28.4,26.2,27.5,,5.2,6,2.1,,--,0,0
2022年7月28日,2022,7,29.7,26.7,29.2,,10.4,3.7,12.1,,--,0,0
2022年7月29日,2022,7,30,27.9,29.5,,12.2,11.5,13.3,,--,--,0
2022年7月30日,2022,7,30.8,28.7,29.5,,13.2,13.2,13.3,,--,--,0
2022年7月31日,2022,7,31.5,29.9,30.9,,13.6,10.3,13.3,,--,--,0
2022年8月1日,2022,8,31.6,30.5,30.5,,12.3,11.4,12.2,,--,--,0
2022年8月2日,2022,8,30.9,29.3,29.8,,12.1,6.8,11.7,,--,0,0
2022年8月3日,2022,8,29,27.6,28,,2,1.8,1.4,,21.5,4.5,10.5
2022年8月4日,2022,8,24.4,26,24.1,,0.1,1.1,0,,112.5,5,242
2022年8月5日,2022,8,27.4,27,27,,11.3,8.4,10.1,,0,0,0.5
2022年8月6日,2022,8,29.2,28.6,28.2,,11.1,11.6,11,,--,0,1
2022年8月7日,2022,8,30.1,29.3,29.1,,10.4,9.4,9.4,,--,0,0
2022年8月8日,2022,8,30.9,30,30,,9.9,10.2,9.2,,--,--,0
2022年8月9日,2022,8,31.1,29.4,30.2,,8.3,5.3,7.6,,0,0,0
2022年8月10日,2022,8,30.8,29.1,29.7,,1.8,0.4,2.7,,0,--,0
2022年8月11日,2022,8,31.1,29.2,30.4,,7.9,4.7,9,,0,1,0
2022年8月12日,2022,8,31,28.3,30.5,,6.5,0.9,5.2,,--,1.5,0
2022年8月13日,2022,8,29.3,27.9,28.4,,6,4.7,6.5,,0,7,2
2022年8月14日,2022,8,27.1,25.9,26.2,,0.4,2.4,0,,31.5,55.5,5
2022年8月15日,2022,8,29.6,26.8,29.1,,4.7,0.9,5.1,,6.5,44.5,4.5
2022年8月16日,2022,8,28.5,26.8,28.3,,1.9,0.4,1.9,,38,31.5,43.5
2022年8月17日,2022,8,24.4,23.9,24.3,,0,0,0,,9.5,31.5,16.5
2022年8月18日,2022,8,26.1,24,25.3,,5.5,4.3,5.1,,12.5,80.5,18
2022年8月19日,2022,8,26.7,24.7,25.4,,12.2,11.1,10.9,,--,--,0
2022年8月20日,2022,8,26.6,25.3,26.3,,0,0.2,0,,83,33,109.5
2022年8月21日,2022,8,26.1,25.4,26.1,,6.6,9.4,8.7,,9,--,13.5
2022年8月22日,2022,8,29.1,26.6,28,,9.4,9.8,9.2,,--,--,0
2022年8月23日,2022,8,29.8,28.4,29.5,,6.3,5.9,6.2,,--,1,0
2022年8月24日,2022,8,25.4,23.6,26.1,,3.4,3.5,4.3,,0,3,0
2022年8月25日,2022,8,24.2,21.8,25.1,,0.3,0,0,,6.5,2,4.5
2022年8月26日,2022,8,25.4,23.9,25.2,,2.1,4.1,2.8,,3.5,0,2
2022年8月27日,2022,8,26.3,25.2,25.4,,2.9,4.3,2.5,,0,0,0
2022年8月28日,2022,8,23.3,23.2,23.8,,6.6,9,8.7,,15,0,3.5
2022年8月29日,2022,8,24.7,23,23.9,,9.9,9,10,,--,--,0
2022年8月30日,2022,8,25.9,24.7,25.3,,1.3,1.9,0.9,,20,27.5,24
2022年8月31日,2022,8,28.6,26.2,28.5,,7.8,3.5,7.6,,13.5,67.5,1
2022年9月1日,2022,9,24.9,23.9,24.8,,0,0,0,,89.5,57,86.5
2022年9月2日,2022,9,24.5,23.9,24.9,,0.2,0.1,3.7,,2,0.5,0.5
2022年9月3日,2022,9,24.6,22.8,24.6,,2.3,0.4,2.1,,3,1.5,1.5
2022年9月4日,2022,9,27.2,25.8,26.5,,10.6,8.8,10.8,,--,0.5,0
2022年9月5日,2022,9,29.1,27.3,28.4,,11.3,11.7,10.3,,--,--,0
2022年9月6日,2022,9,28.2,28.1,28.4,,9.3,6.9,7.5,,7.5,6,14
2022年9月7日,2022,9,24,24.2,23.8,,1.3,3.7,0.6,,1.5,0.5,1
2022年9月8日,2022,9,24.6,23.7,24.6,,0,0.8,0,,0,0,0
2022年9月9日,2022,9,24.2,24.8,24.3,,0.7,4.6,1.7,,2.5,0.5,8
2022年9月10日,2022,9,25.5,24.3,25.3,,10,10,9.4,,0,--,0
2022年9月11日,2022,9,27,24.9,26.1,,11.4,11.1,9.6,,--,--,0
2022年9月12日,2022,9,26.8,25.1,26.5,,7,8.8,9,,--,--,0
2022年9月13日,2022,9,27.2,24.9,26.1,,7.8,1.5,4.9,,--,0,0
2022年9月14日,2022,9,26.5,25.1,26.6,,8.6,10.3,9.3,,0,--,0
2022年9月15日,2022,9,26.5,23,26,,8.4,5.6,9,,0,--,0
2022年9月16日,2022,9,26.5,24.7,26,,7.4,5.7,6.4,,--,--,0
2022年9月17日,2022,9,27.9,25,26.9,,10.3,9,9.8,,--,--,0
2022年9月18日,2022,9,28.5,26.5,27.7,,4.7,5.5,3.9,,--,0,0
2022年9月19日,2022,9,29.9,27.9,30.1,,0.6,2.7,0,,15,12,8.5
2022年9月20日,2022,9,19.4,19.7,19.5,,0.3,1.6,0.2,,57,66,44.5
2022年9月21日,2022,9,18.5,18.5,18.9,,4.3,5.1,5.8,,0,0,0.5
2022年9月22日,2022,9,20.3,19.4,19.6,,0,0,0,,1.5,4.5,3
2022年9月23日,2022,9,22.2,22.2,21.7,,0,0,0,,7.5,2,6.5
2022年9月24日,2022,9,21.9,20.9,21.5,,4.2,6.5,3.6,,3.5,0.5,1.5
2022年9月25日,2022,9,21.3,19.5,20.5,,9.4,6.8,9.8,,--,--,0
2022年9月26日,2022,9,23.8,21.4,22.8,,6.2,0.4,6.2,,--,0,0
2022年9月27日,2022,9,21.2,20.2,20.4,,0,0.5,0,,8.5,6,9.5
2022年9月28日,2022,9,20,19.9,20.5,,1.1,5.9,0.4,,0,7,0.5
2022年9月29日,2022,9,21,19.8,20.5,,11.2,9.6,10.8,,--,--,0
2022年9月30日,2022,9,21.1,19.8,20.6,,11.4,10.5,11.2,,--,--,0
2022年10月1日,2022,10,22.4,20.2,21.5,,11.3,10.4,11.2,,--,--,0
2022年10月2日,2022,10,22.8,21.2,21.4,,10.4,9.7,10.7,,--,--,0
2022年10月3日,2022,10,24.4,22.4,23.4,,0.8,0,0.5,,0,0,0
2022年10月4日,2022,10,25.3,23.1,25.9,,2.1,0.7,2.3,,23.5,37,27
2022年10月5日,2022,10,16.9,16,16.7,,0.6,0,0.1,,9.5,0,4.5
2022年10月6日,2022,10,16.2,15,16.1,,2.4,1.3,3,,0,0,0.5
2022年10月7日,2022,10,15.9,16,15.3,,0,0,0,,26.5,37,31.5
2022年10月8日,2022,10,16.7,17.7,15.8,,0.7,1.1,0.8,,1,0,11
2022年10月9日,2022,10,16.6,16.6,15.8,,1.1,0.9,1,,8,17.5,8
2022年10月10日,2022,10,17.2,16.9,16.7,,0,0.1,0,,46.5,37,46
2022年10月11日,2022,10,17.2,15.9,16.4,,3.3,1.9,2.3,,0,3.5,1
2022年10月12日,2022,10,16.8,16.2,16.6,,0.1,2.2,0.2,,0,0,0
2022年10月13日,2022,10,18,15.3,17.2,,9.3,7.4,9.6,,--,--,0
2022年10月14日,2022,10,18.9,17.5,18.2,,8.8,5.6,8.4,,--,0,0
2022年10月15日,2022,10,19.7,17.6,19,,3,3.3,2.5,,--,--,0
2022年10月16日,2022,10,20.8,18.5,19.3,,10.3,5.3,9.7,,0,--,0
2022年10月17日,2022,10,19.3,18.4,18.4,,0,0.8,0,,15,12,21
2022年10月18日,2022,10,14.5,14.2,14.5,,0.8,1.9,2.5,,0,0,0
2022年10月19日,2022,10,13.8,11.3,13.1,,10.8,9.6,10.5,,--,--,0
2022年10月20日,2022,10,14.5,12.3,12.8,,10.8,9.9,10.5,,--,--,0
2022年10月21日,2022,10,16.9,14.5,15.7,,10.6,9.6,9.5,,--,--,0
2022年10月22日,2022,10,19.6,18.1,19.8,,0,1.1,0.2,,0,1.5,0
2022年10月23日,2022,10,17.4,14.9,17.1,,5.2,0.5,4.5,,9,1,2
2022年10月24日,2022,10,13.6,14.9,14.1,,7.2,6.4,8.4,,3.5,0,1
2022年10月25日,2022,10,12.3,13.1,12.5,,5.4,5.6,8.7,,0.5,5,0
2022年10月26日,2022,10,13,12.4,11.4,,9.9,7.5,10,,--,0.5,0
2022年10月27日,2022,10,13.7,11.5,12.4,,8.4,4.6,6.6,,--,--,0
2022年10月28日,2022,10,15.7,13.6,14.6,,9.6,6.3,9.9,,--,1,0
2022年10月29日,2022,10,13.9,10.9,13.1,,5.6,1.7,4.7,,0,--,0
2022年10月30日,2022,10,14,11.9,12.9,,6.1,4.7,4,,--,0,0
2022年10月31日,2022,10,14.7,13,13.8,,10.2,6.9,9.8,,--,0,0
2022年11月1日,2022,11,15,13.9,14,,0,0.2,0,,1.5,7,2.5
2022年11月2日,2022,11,16.5,14.5,15.8,,7.4,6.3,8.4,,--,1.5,0
2022年11月3日,2022,11,16.8,15.1,15.6,,9.5,6.3,9.3,,--,17,0
2022年11月4日,2022,11,11.4,9.8,11.8,,0.5,1.2,0.5,,2.5,8,0.5
2022年11月5日,2022,11,10.9,9.2,10.5,,3.6,2.8,6.4,,0,1.5,0
2022年11月6日,2022,11,12,9.7,11,,9.1,4.4,10,,--,1.5,0
2022年11月7日,2022,11,12.9,11.6,11.6,,9.3,8.5,8.3,,--,3,0
2022年11月8日,2022,11,13.6,11.3,11.9,,3.9,4.2,4.1,,4,7,3
2022年11月9日,2022,11,13.4,10.7,12.3,,9.6,8.7,9.6,,--,--,0
2022年11月10日,2022,11,14.5,12.6,12.9,,9.8,7.4,9.7,,--,--,0
2022年11月11日,2022,11,15.9,13.6,14.5,,9.3,4.9,9.4,,--,1,0
2022年11月12日,2022,11,16.9,15.3,15.5,,9.8,9.2,9.7,,--,--,0
2022年11月13日,2022,11,16,16.4,18,,0.1,0,0,,20.5,34,16
2022年11月14日,2022,11,12.4,11.4,11.9,,1.2,2.3,3.8,,0,0,0.5
2022年11月15日,2022,11,12.3,10.9,11.6,,5.7,5.9,3.5,,6.5,23,1
2022年11月16日,2022,11,11.2,9.2,10.5,,4.9,2.5,5.7,,8.5,6.5,10
2022年11月17日,2022,11,11.5,9,11.2,,3.9,2,3.4,,3.5,1.5,0.5
2022年11月18日,2022,11,12.7,11.4,11.5,,9.6,5.9,9.4,,0,1.5,0
2022年11月19日,2022,11,12.7,11.3,12.4,,8.2,8.1,8.6,,0,--,0
2022年11月20日,2022,11,13.1,11.5,12.2,,0,0,0,,10,5.5,11.5
2022年11月21日,2022,11,14.7,13.5,14.2,,6,5.9,6.8,,3,0,2.5
2022年11月22日,2022,11,13.6,13.3,13.2,,1.2,3.4,0,,3,5,1
2022年11月23日,2022,11,12.3,12.1,11.5,,0,0,0,,35,16.5,31.5
2022年11月24日,2022,11,14,13.7,13.5,,1.7,1.8,1.4,,3.5,0.5,2.5
2022年11月25日,2022,11,11.8,10.1,10.4,,9.4,8.9,9.4,,--,2,0
2022年11月26日,2022,11,15.6,15.8,15.7,,6.3,6,5.6,,0.5,2.5,11.5
2022年11月27日,2022,11,11.9,9.5,11.7,,7.5,4.6,8.3,,--,--,0
2022年11月28日,2022,11,13.1,11.5,12.7,,6.3,7.3,6.6,,--,--,0
2022年11月29日,2022,11,17.7,16.4,20.4,,0.4,0.4,0,,11,40.5,14.5
2022年11月30日,2022,11,11.5,9.7,11.7,,0.5,0.2,0.5,,13,14.5,13.5
2022年12月1日,2022,12,7.1,5.8,7,,0,0.1,0,,22.5,33.5,22.5
2022年12月2日,2022,12,5.6,4.8,5.5,,1.5,0,1.4,,12,9.5,9
2022年12月3日,2022,12,9.3,8.4,8.1,,8,5.4,8.9,,--,7,0
2022年12月4日,2022,12,9.7,8.6,9.6,,0.1,0,0.1,,16.5,8.5,9.5
2022年12月5日,2022,12,7.5,6,8.1,,0.5,0,1.3,,2,18,1.5
2022年12月6日,2022,12,9.3,7.5,8.7,,0.7,0.7,0.4,,4,15,7
2022年12月7日,2022,12,7.8,8.2,7.7,,1.5,2.1,3.8,,29,8.5,13
2022年12月8日,2022,12,9.5,7.8,9.3,,2.8,0.9,3.7,,2,6,2.5
2022年12月9日,2022,12,10,7.5,8.9,,6.2,4.5,7.6,,2.5,9.5,2
2022年12月10日,2022,12,10.7,8.4,10.3,,8.7,2.4,7.4,,--,12.5,0
2022年12月11日,2022,12,8.1,7.9,7.9,,0.3,0,0.9,,16.5,20,17
2022年12月12日,2022,12,7.6,6.6,7.4,,8.1,4.2,7.5,,--,0,0
2022年12月13日,2022,12,10.4,9.2,9.9,,0.6,1.1,0,,8,20,15.5
2022年12月14日,2022,12,5.8,4.2,5.2,,1.2,0.1,0.1,,13.5,15,22.5
2022年12月15日,2022,12,4.5,4.2,3.8,,0.4,0.4,0.5,,18,24.5,13.5
2022年12月16日,2022,12,4.9,5,4.6,,0,0,0,,35,17.5,20.5
2022年12月17日,2022,12,5,4.9,4.5,,1.5,1,0.4,,25.5,28.5,19.5
2022年12月18日,2022,12,3,1.4,3,,0.8,0,0.4,,///,36.5,8.5
2022年12月19日,2022,12,2.1,0.9,1.6,,0.3,0.1,0.1,,///,43.5,28.5
2022年12月20日,2022,12,3.4,1.4,2.8,,2.1,0.6,0.7,,///,9,7
2022年12月21日,2022,12,5,2.5,5.7,,2,0.1,0.6,,0,0,0.5
2022年12月22日,2022,12,6,5.4,6.5,,0,0,0,,23,24,28.5
2022年12月23日,2022,12,-0.3,1.9,-0.5,,0.1,0.1,0,,56.5,39.5,67.5
2022年12月24日,2022,12,4.2,4.8,3.8,,0.5,0.4,0,,22,16.5,13
2022年12月25日,2022,12,5.3,4.7,4.7,,0.9,0.4,0.9,,2,6,5
2022年12月26日,2022,12,4.1,3.2,3.9,,0.1,2,0.6,,5.5,5.5,10
2022年12月27日,2022,12,4.1,2.4,3.5,,0.1,0.8,0.1,,2.5,8,2.5
2022年12月28日,2022,12,6.3,4.8,5.1,,1.7,1.3,0.2,,4.5,7.5,1.5
2022年12月29日,2022,12,5.5,4.7,5.2,,0.5,0.3,0.7,,11.5,15,8.5
2022年12月30日,2022,12,3.6,4.1,3.4,,1,0,1.6,,13.5,1,15
2022年12月31日,2022,12,4.6,3,4.4,,0.4,0,3,,11,13.5,10
2023年1月1日,2023,1,6.5,5,6.2,,1.2,0.5,0.4,,18.5,11.5,8
2023年1月2日,2023,1,3.6,3.6,3.8,,0,0.7,1,,4.5,4,3.5
2023年1月3日,2023,1,2.9,3.9,2.7,,3.6,0.4,3.5,,3,1,5.5
2023年1月4日,2023,1,2.2,3.7,2.2,,1,0.2,2,,7,1.5,12
2023年1月5日,2023,1,2.9,3.5,3,,1.2,1.8,2.5,,6,3.5,3.5
2023年1月6日,2023,1,4.6,2.5,4.5,,4.3,0.2,4.7,,2.5,1.5,2
2023年1月7日,2023,1,6,4.4,5.4,,2.9,1.2,1.2,,0,14.5,6.5
2023年1月8日,2023,1,6.7,4.8,5.9,,4.9,1.2,6,,2,3.5,2.5
2023年1月9日,2023,1,8.1,6.3,7.1,,0.6,0.3,0.4,,13.5,9.5,13
2023年1月10日,2023,1,4.2,3.1,3.5,,0.8,0,0.1,,1,0,2.5
2023年1月11日,2023,1,5,4.7,3.8,,9.4,5.7,8.9,,--,0,0
2023年1月12日,2023,1,7.6,7.4,6.4,,8.9,7.6,8.7,,--,--,0
2023年1月13日,2023,1,10.7,9.6,10.4,,3.5,3.4,2.8,,2.5,6.5,3
2023年1月14日,2023,1,13.5,11.6,13.3,,0,0.1,0,,4.5,4,5.5
2023年1月15日,2023,1,7.4,7.1,7.7,,0,0,0,,0,8.5,0
2023年1月16日,2023,1,4.7,4.1,4.9,,0,0,0,,4,10,0.5
2023年1月17日,2023,1,4.1,3,4.5,,4.5,2,5.4,,0,0,0
2023年1月18日,2023,1,4.6,5.1,4,,0.5,0.1,0.5,,11,26.5,5.5
2023年1月19日,2023,1,4.9,4.3,4,,3.1,5.5,2.1,,3,6,2
2023年1月20日,2023,1,6.3,5.2,6.3,,0.9,1.5,2,,9,12,3
2023年1月21日,2023,1,2,0.9,2.2,,1.6,0.7,4.8,,1.5,0,0.5
2023年1月22日,2023,1,4.6,2.1,4.1,,5.3,0.3,6.8,,1,5.5,0
2023年1月23日,2023,1,6.7,4.8,6.1,,4.4,3.3,5.8,,6.5,3.5,2
2023年1月24日,2023,1,0.7,-0.7,0.7,,0.2,0,0,,27.5,21.5,17.5
2023年1月25日,2023,1,-2.3,-3.3,-2,,1.2,0.5,0.3,,5,3.5,4
2023年1月26日,2023,1,0.8,0.8,0.2,,0.1,0.1,0,,11,20.5,25
2023年1月27日,2023,1,0.7,0.6,1.3,,0,0,0,,16.5,20.5,12
2023年1月28日,2023,1,-0.6,-0.6,-0.5,,2.7,0,2,,9,3.5,15.5
2023年1月29日,2023,1,0.8,0,0.4,,4.4,0.3,3,,11.5,21.5,26
2023年1月30日,2023,1,2.2,1.5,1.9,,0.4,0.4,0,,14.5,5,10
2023年1月31日,2023,1,2.7,1.8,1.7,,8.4,7.5,6.7,,1,12,0.5
2023年2月1日,2023,2,6.4,4.2,5,,5.1,0.4,1.8,,6.5,32,9.5
2023年2月2日,2023,2,3.2,2.6,2.4,,3.2,3.3,0.7,,0,0,0.5
2023年2月3日,2023,2,2.7,2,2,,0.3,0,0,,0,0,0
2023年2月4日,2023,2,4.2,3.5,3.1,,0.6,1.2,0,,7.5,7.5,15.5
2023年2月5日,2023,2,4.7,2.9,3.6,,9,5.5,7.8,,0.5,0.5,3
2023年2月6日,2023,2,6.5,4.6,5.3,,5.8,4.1,7,,0,0.5,0
2023年2月7日,2023,2,7.9,4.5,6.6,,7.9,5,5.8,,--,--,0
2023年2月8日,2023,2,5.9,3.5,4.7,,1.3,1.2,2.2,,2.5,10,2
2023年2月9日,2023,2,4,3.4,4,,6.8,3.5,7.2,,0,0,0.5
2023年2月10日,2023,2,3.4,1.8,2.7,,0,0,0,,17.5,21.5,18
2023年2月11日,2023,2,6.6,4.7,5.9,,6.4,7.1,8.7,,0,0.5,0
2023年2月12日,2023,2,7.2,4.8,6.6,,4.6,5.2,4,,--,--,0
2023年2月13日,2023,2,6,5.1,5.9,,0,0,0,,8,16,4.5
2023年2月14日,2023,2,1.9,1.6,2.1,,0.6,0.5,2,,4.5,0.5,5.5
2023年2月15日,2023,2,-0.8,-0.1,-0.4,,1.3,1.2,0.8,,16.5,4,15.5
2023年2月16日,2023,2,1.6,0.9,0.9,,0.1,0,0,,0,1,0
2023年2月17日,2023,2,5.6,3.4,4.6,,7.9,3.1,7.2,,0,0.5,0
2023年2月18日,2023,2,7.2,5.6,8,,0,1.4,0,,5,9,1.5
2023年2月19日,2023,2,10.4,9.4,10.6,,0,0.1,0,,24.5,27.5,18.5
2023年2月20日,2023,2,3.6,2.3,4.5,,0.5,0.3,1.4,,10.5,5,9
2023年2月21日,2023,2,0.5,1,1,,2.1,1.1,1.2,,8.5,1,7
2023年2月22日,2023,2,2.5,1.3,2.1,,7.3,0,8.3,,0,0,0
2023年2月23日,2023,2,6.6,3.1,5.7,,3.7,0.4,1.8,,0,6,0
2023年2月24日,2023,2,7.9,5.9,7.3,,0.3,2.7,0.1,,0,3.5,2
2023年2月25日,2023,2,3.7,2.4,3.9,,2.8,2.3,5.3,,2,1.5,1
2023年2月26日,2023,2,3,3.8,3,,1.4,1.1,1.6,,0.5,0.5,2
2023年2月27日,2023,2,5.3,4,4.8,,10.9,10.3,10.5,,--,0,0
2023年2月28日,2023,2,9.2,9.2,9.1,,11,10.3,10.4,,--,--,0
2023年3月1日,2023,3,12.9,11.3,12.6,,4.9,2.5,3.5,,14,26,10.5
2023年3月2日,2023,3,5.8,4.8,5.7,,1.2,0.5,0,,18,14.5,18.5
2023年3月3日,2023,3,6.1,4.6,5.6,,7.3,4.4,7.4,,0,0,0
2023年3月4日,2023,3,7.1,5.1,6.9,,5,8.1,8.7,,0,1.5,0
2023年3月5日,2023,3,6.5,3.5,5.7,,9.3,10,7.8,,--,--,0
2023年3月6日,2023,3,7.6,5.3,6.6,,10.9,10.3,10.9,,--,--,0
2023年3月7日,2023,3,9.8,8.5,8.7,,10.3,9.5,10.8,,--,--,0
2023年3月8日,2023,3,13.1,12.4,12.1,,8.8,10,8.7,,--,--,0
2023年3月9日,2023,3,13.6,12.9,13.4,,7.3,8.5,8.8,,--,0,0
2023年3月10日,2023,3,12.2,9.6,11.9,,4.5,0.6,6.3,,15.5,18,20.5
2023年3月11日,2023,3,12.2,10.4,10.8,,10.4,10.1,11.1,,--,--,0
2023年3月12日,2023,3,15.8,15.3,15.4,,6.2,9,6.8,,--,--,0
2023年3月13日,2023,3,7.9,6.7,7.6,,0,0,0.1,,23.5,25,26.5
2023年3月14日,2023,3,7.6,5.8,6.6,,11,10.7,11.2,,0,0,0
2023年3月15日,2023,3,12.1,10.6,11.1,,11.4,10.5,11,,--,--,0
2023年3月16日,2023,3,11.2,10.6,12.2,,2.1,0.1,1.4,,3.5,0,3.5
2023年3月17日,2023,3,8.1,6.8,8.7,,0.9,7.5,0,,0,--,0
2023年3月18日,2023,3,7,6.7,7.3,,0,0.4,0.2,,7.5,0,10
2023年3月19日,2023,3,7.3,5.8,6.4,,11.7,11,11.2,,--,--,0
2023年3月20日,2023,3,10.6,8.3,9.5,,11.4,10.1,11.2,,--,--,0
2023年3月21日,2023,3,13.4,12.8,12.7,,5,9.8,3.5,,0,--,0
2023年3月22日,2023,3,17.1,15.1,15.8,,11.4,9.8,11.3,,--,0,0
2023年3月23日,2023,3,15.4,14.3,14.1,,0,1.1,0,,9.5,11.5,11.5
2023年3月24日,2023,3,12.5,11.6,12.6,,0,2,0,,12.5,6,9
2023年3月25日,2023,3,10.9,9.1,11.2,,0.7,4.4,0.7,,0,--,0
2023年3月26日,2023,3,9.1,8,9.2,,0,0,0,,27.5,29,28
2023年3月27日,2023,3,9.5,7.4,9.1,,7.2,7,8.2,,0,0,0
2023年3月28日,2023,3,9.7,6.4,8.1,,11.4,11.2,11.8,,--,--,0
2023年3月29日,2023,3,9.7,7.1,8.6,,11.4,11.4,11,,--,--,0
2023年3月30日,2023,3,11.1,8.6,9.7,,11.3,11.3,11.7,,--,--,0
2023年3月31日,2023,3,13.9,12.8,12.9,,10.6,11,11.1,,--,--,0
2023年4月1日,2023,4,12.9,10.8,11.6,,11.8,11.6,11.9,,--,--,0
2023年4月2日,2023,4,11.7,10,11,,11.9,8.5,11.2,,--,--,0
2023年4月3日,2023,4,12.1,11,10.4,,10.1,9.1,11.9,,--,--,0
2023年4月4日,2023,4,12.6,9.9,12.1,,11.5,11.3,11.1,,--,--,0
2023年4月5日,2023,4,15.5,15.2,16.2,,0,0,0,,0,0,0
2023年4月6日,2023,4,19.4,17.5,20.1,,0.2,0.5,0,,3.5,5,3
2023年4月7日,2023,4,14,13.5,14.6,,0,0,0,,49,47.5,41
2023年4月8日,2023,4,10.3,9.2,9.6,,5,4.2,3.5,,9,7,5.5
2023年4月9日,2023,4,10.4,8.5,9.6,,11.3,10.3,12,,--,--,0
2023年4月10日,2023,4,13.6,11.5,13.1,,12,11.3,12,,--,--,0
2023年4月11日,2023,4,18,17.3,19.6,,10.7,9.3,11.2,,--,--,0
2023年4月12日,2023,4,14.3,12,13.9,,4.7,2.9,4.9,,17.5,13,15
2023年4月13日,2023,4,13.4,12.1,12.3,,11.7,11.5,12.2,,--,--,0
2023年4月14日,2023,4,16.4,16,16.5,,6.5,5.8,6.6,,--,--,0
2023年4月15日,2023,4,14.3,13.6,13.9,,0,0,0,,11.5,5.5,12.5
2023年4月16日,2023,4,13.7,12.5,13.7,,5.8,1.4,4.7,,5.5,0.5,3.5
2023年4月17日,2023,4,11.5,9.7,10.9,,3.2,2.7,2,,0,3,3.5
2023年4月18日,2023,4,10.2,9.3,11.4,,0.4,0,0.1,,5.5,17,3.5
2023年4月19日,2023,4,16.4,13.7,17,,4,9.9,6.9,,0.5,2.5,1
2023年4月20日,2023,4,19,18.1,19,,9,10.9,9.5,,--,--,0
2023年4月21日,2023,4,14.9,13.5,14.6,,0.1,4,0.3,,0,--,0
2023年4月22日,2023,4,11.4,11.2,11.6,,12.3,10.9,12.6,,--,--,0
2023年4月23日,2023,4,11.5,9.1,11.1,,11.3,11.8,10.2,,--,--,0
2023年4月24日,2023,4,11,7.8,11.1,,3.7,5.8,2.1,,--,--,0
2023年4月25日,2023,4,11.3,9.8,10,,3.9,5.3,2.3,,2.5,5,3
2023年4月26日,2023,4,11.3,10.4,11.8,,0,0.9,0,,26.5,24,25
2023年4月27日,2023,4,13.1,11.7,12.4,,11.4,10.8,11.5,,3,2,2
2023年4月28日,2023,4,16.8,15.3,15.2,,12.4,12.4,12.7,,--,--,0
2023年4月29日,2023,4,19,17.3,19,,6.1,5.5,5.9,,3.5,5,0.5
2023年4月30日,2023,4,16,14.8,15.8,,4.4,3.9,4.2,,34,29.5,32
2023年5月1日,2023,5,15,13.7,14.1,,8.4,10.9,8.8,,0,0,0
2023年5月2日,2023,5,14.6,12.5,13.2,,12.9,12.7,12.8,,--,--,0
2023年5月3日,2023,5,16.8,14.9,16.1,,11.8,11.4,11.9,,--,--,0
2023年5月4日,2023,5,18.9,17.2,17.8,,12.7,12.5,12.8,,--,--,0
2023年5月5日,2023,5,20.5,19,21.1,,8.6,8.2,8.1,,0,0,0
2023年5月6日,2023,5,23.6,18.4,23.5,,0,0,0,,12,61,2.5
2023年5月7日,2023,5,14.5,13.1,15.2,,0,0,0,,102,70.5,82.5
2023年5月8日,2023,5,13.3,12.4,13.6,,3.2,3.6,4.8,,33,21,34
2023年5月9日,2023,5,14.3,12.6,13.1,,12.4,12.5,12.3,,--,--,0
2023年5月10日,2023,5,16,13.4,15.7,,12.3,11.5,12.6,,--,0,0
2023年5月11日,2023,5,15.3,11.6,14.2,,13.4,13.2,13.3,,--,--,0
2023年5月12日,2023,5,15.2,12.8,14.3,,12.6,12.4,12.7,,--,--,0
2023年5月13日,2023,5,17.4,16.8,16.5,,4.9,7.6,2.5,,1,0,3
2023年5月14日,2023,5,16.5,15.7,16.4,,2.3,0.1,2,,2.5,13,1.5
2023年5月15日,2023,5,18.7,16.7,18.1,,9.9,8.4,9.6,,0,0,0
2023年5月16日,2023,5,20.2,17.7,19.2,,12.9,13,13.4,,--,--,0
2023年5月17日,2023,5,22.8,21.9,22.3,,12.8,12.7,12.9,,--,--,0
2023年5月18日,2023,5,23.6,22.3,22.4,,9.6,9.4,9.5,,--,--,0
2023年5月19日,2023,5,18.9,17.3,18.7,,1,0.1,0.2,,9,7,12.5
2023年5月20日,2023,5,18.3,16.6,18.3,,3.5,0.4,1.4,,0,0,0
2023年5月21日,2023,5,21,19.9,21.5,,12.1,10.8,12,,0,0,0
2023年5月22日,2023,5,18.5,16.9,18.5,,0.7,3.4,1.9,,0.5,0,0.5
2023年5月23日,2023,5,16.5,15.6,16.5,,8.7,7.3,6.8,,1,0,0.5
2023年5月24日,2023,5,15.9,15.1,15.7,,12.8,11.6,13.3,,--,--,0
2023年5月25日,2023,5,18.5,16.7,18.1,,3.3,9.3,4.4,,--,--,0
2023年5月26日,2023,5,20.7,17.9,21,,0.9,0,1.2,,0,0,0
2023年5月27日,2023,5,22.4,21,22.1,,10.8,11.2,10.3,,0,--,0
2023年5月28日,2023,5,22.5,20.5,22.8,,2.9,0,2.7,,0,1.5,0
2023年5月29日,2023,5,19.9,18.4,20,,0,0,0,,70,38,72.5
2023年5月30日,2023,5,19.2,18.2,18.7,,6.1,7.1,0.6,,0,0.5,0
2023年5月31日,2023,5,19.6,17,19,,10.5,13.4,8.5,,--,--,0
2023年6月1日,2023,6,21,18.6,21,,8.5,5.4,9.3,,15.5,0.5,29
2023年6月2日,2023,6,20.4,19.8,20.5,,0,0,0,,80.5,50.5,64.5
2023年6月3日,2023,6,19.2,18.1,18.7,,9.6,9.6,9.8,,--,0,0
2023年6月4日,2023,6,21,20.3,20.2,,13.1,13.1,11.7,,--,--,0
2023年6月5日,2023,6,22.6,21.9,21.3,,13.9,13.6,11.4,,--,--,0
2023年6月6日,2023,6,22.1,22,21.2,,3.8,10.8,2.3,,0,--,0
2023年6月7日,2023,6,21.2,20.9,20.4,,12,11.6,11.8,,--,--,0
2023年6月8日,2023,6,21.5,21.6,20.6,,0.7,3.2,0,,9,6,11
2023年6月9日,2023,6,20.5,19.9,20.4,,5.3,1.3,1.8,,20.5,23,20.5
2023年6月10日,2023,6,22.6,20.9,21.8,,6,8.8,6,,--,--,0
2023年6月11日,2023,6,21.9,21,21.7,,1.2,0.1,1.6,,4.5,1.5,4
2023年6月12日,2023,6,22.7,21.8,22.3,,0.3,1.5,0,,0,--,0
2023年6月13日,2023,6,23.3,22.5,22.6,,6.6,6.4,5.8,,--,0,0
2023年6月14日,2023,6,23.2,22.2,22.3,,0.2,2.7,0.1,,4,2.5,9
2023年6月15日,2023,6,22.6,21.5,22.1,,0.1,0.2,0,,1,1,0.5
2023年6月16日,2023,6,20.7,21,20.5,,7.4,6.7,7.7,,64,12.5,54.5
2023年6月17日,2023,6,23.3,22.7,22.4,,13.6,13.5,13.6,,--,--,0
2023年6月18日,2023,6,24.5,23.4,23.2,,10.4,12.7,10,,--,--,0
2023年6月19日,2023,6,22.4,21.6,22.3,,11.3,12.8,13.3,,--,--,0
2023年6月20日,2023,6,22.7,20.9,22.7,,11.3,11.3,10.5,,--,--,0
2023年6月21日,2023,6,25,23.5,24.6,,3.7,5,2.4,,0.5,0,0
2023年6月22日,2023,6,20.7,20.5,20.2,,0,0,0,,29.5,14.5,29.5
2023年6月23日,2023,6,22.9,22.1,22.9,,8.2,5.7,5.9,,0,12,0.5
2023年6月24日,2023,6,23.3,22.1,22.8,,6.9,7,5.8,,0,0,0.5
2023年6月25日,2023,6,23.5,22.1,22.7,,8,12.2,3.9,,0,--,0
2023年6月26日,2023,6,25.1,23.2,24,,8.2,8.8,7,,0.5,--,1.5
2023年6月27日,2023,6,27.6,26.5,27.8,,4.6,4.6,3.8,,17,19.5,19.5
2023年6月28日,2023,6,26.7,25.2,26.4,,4.2,1.9,3.8,,2.5,11.5,1
2023年6月29日,2023,6,26.7,25,26.1,,6.7,3.9,3.2,,0.5,0,1
2023年6月30日,2023,6,26.9,24.1,26.3,,0.6,0,0.4,,6,41.5,22
2023年7月1日,2023,7,23.7,22.6,23.9,,0,0,0,,14,23,5.5
2023年7月2日,2023,7,24.9,24,24.9,,5.6,3.2,7.3,,1,0,0.5
2023年7月3日,2023,7,25,23.3,24.5,,8.4,9.8,10.1,,--,--,0
2023年7月4日,2023,7,25.2,22.3,24.3,,11.6,12.8,11.6,,--,--,0
2023年7月5日,2023,7,25.2,23.7,25,,0,0.1,0,,6,5,2.5
2023年7月6日,2023,7,27.3,26.2,27,,9.9,9,12.1,,0,0,0
2023年7月7日,2023,7,28.8,26.9,26.8,,6.4,3.3,7.5,,2,0,6.5
2023年7月8日,2023,7,25.9,24.6,24.9,,0,0,0,,66.5,25.5,59.5
2023年7月9日,2023,7,26.1,24.5,26.8,,0.7,0,0,,1.5,11.5,5
2023年7月10日,2023,7,28.9,26.8,28.1,,2.4,4,1.9,,0,5.5,5.5
2023年7月11日,2023,7,28.6,26.4,27.9,,2.8,3.9,1.7,,11,5.5,28.5
2023年7月12日,2023,7,26.7,25.1,26.2,,2.7,0.3,2.2,,49.5,3.5,48.5
2023年7月13日,2023,7,26.2,25.4,25.5,,4.5,3.6,1,,25,0,29
2023年7月14日,2023,7,28.3,25.4,27.6,,0,0,0,,15.5,61,1.5
2023年7月15日,2023,7,31.3,28.5,31.1,,3.3,0.6,4.6,,0.5,0,0.5
2023年7月16日,2023,7,31.2,29.2,30.6,,11.5,8.8,11.4,,--,0,0
2023年7月17日,2023,7,29.6,28.2,28.3,,13.2,11.8,13.6,,--,--,0
2023年7月18日,2023,7,28.8,27.2,27.7,,7.2,2.2,8.7,,--,0,0
2023年7月19日,2023,7,26,24.6,25.3,,0.3,0.2,0.1,,10,12,8.5
2023年7月20日,2023,7,25.7,23.7,25.3,,8.5,6.2,9.5,,--,0,0
2023年7月21日,2023,7,26.1,23.5,25.5,,9.1,7.7,11.6,,--,0,0
2023年7月22日,2023,7,28.1,25.2,27.1,,13.3,11.6,13.6,,--,--,0
2023年7月23日,2023,7,29.4,28.4,28.5,,12.7,13.2,12.6,,--,--,0
2023年7月24日,2023,7,30,28.6,29.2,,13.4,13.1,13.3,,--,--,0
2023年7月25日,2023,7,29.8,28.7,28.7,,13,13.2,12.4,,--,--,0
2023年7月26日,2023,7,30,28.7,28.9,,13.2,13.2,11.5,,--,--,0
2023年7月27日,2023,7,30,27.8,29.1,,13.5,13.3,11.7,,--,--,0
2023年7月28日,2023,7,30.4,27.7,29.4,,13.3,13,11.9,,--,--,0
2023年7月29日,2023,7,30.8,28.1,29.8,,11.4,13.2,12.8,,--,--,0
2023年7月30日,2023,7,30.8,29.6,29.6,,13.5,13,13.2,,--,--,0
2023年7月31日,2023,7,30.3,28.6,29.5,,6.4,5,6,,--,0,0
2023年8月1日,2023,8,30.9,28.8,29.6,,10.6,12.1,11,,0,0,0
2023年8月2日,2023,8,30.8,29.4,30.3,,8.7,9.4,9.1,,--,--,0
2023年8月3日,2023,8,31.9,30.2,31.6,,11.2,12.5,10.6,,--,--,0
2023年8月4日,2023,8,31.6,30.3,30.6,,13.1,12.5,12.8,,--,--,0
2023年8月5日,2023,8,31.4,30.5,30.6,,13.3,11,13.1,,--,--,0
2023年8月6日,2023,8,31.3,29.9,30.4,,11.6,12.3,11.3,,0.5,--,0
2023年8月7日,2023,8,29.7,29.8,29.8,,3.5,7,2.9,,18,2,0
2023年8月8日,2023,8,30.7,29.5,30.4,,4.6,7,9.1,,0,0,0
2023年8月9日,2023,8,31.3,29.9,31.1,,6.3,6.3,5.2,,1,0,0
2023年8月10日,2023,8,32.5,30.6,33.4,,13.4,12.9,12.6,,--,--,0
2023年8月11日,2023,8,30.8,29.3,29.3,,12.6,13,12.7,,--,--,0
2023年8月12日,2023,8,29.9,28.6,28.9,,12.8,11,12.8,,--,--,0
2023年8月13日,2023,8,29.8,28.1,29.1,,11,11.6,9.7,,0,--,0
2023年8月14日,2023,8,30.1,30.2,29,,4.8,9.9,1.6,,0,0,0
2023年8月15日,2023,8,30.5,30.1,29.3,,0.9,2.4,0.3,,2.5,0.5,2.5
2023年8月16日,2023,8,29.2,27.5,28.7,,4.6,3.5,4.4,,9,10.5,9
2023年8月17日,2023,8,28.8,28.3,27.8,,3.8,6.9,3.3,,7.5,1.5,1.5
2023年8月18日,2023,8,29.8,28.8,28.5,,3.4,7.3,2.6,,0,--,0
2023年8月19日,2023,8,30.4,29.1,29.5,,10.1,10.6,9.9,,--,--,0
2023年8月20日,2023,8,30.1,28.6,29.3,,11.4,11,11.3,,--,--,0
2023年8月21日,2023,8,30.5,28.7,29.8,,12.5,11.9,11.9,,--,--,0
2023年8月22日,2023,8,31.1,29.2,30.4,,11.2,12.1,11.6,,0,--,0
2023年8月23日,2023,8,30.8,29.4,30.3,,7.4,9.2,3,,1.5,0,0.5
2023年8月24日,2023,8,30,27.4,30,,6.5,5.4,2.3,,0,21.5,0
2023年8月25日,2023,8,30.6,28.8,30.9,,9.9,10.7,11.8,,--,--,0
2023年8月26日,2023,8,29.9,28.9,29,,11.7,8.5,12.1,,0,0,1
2023年8月27日,2023,8,29,27.2,28.2,,8.3,10.5,11,,0,0.5,0
2023年8月28日,2023,8,29.2,27.6,28.3,,11,9.9,11,,--,0,0
2023年8月29日,2023,8,30.1,28.2,29.4,,12.4,11.5,12.1,,--,--,0
2023年8月30日,2023,8,30.2,28.7,29.6,,4.6,7.1,1.7,,--,--,0
2023年8月31日,2023,8,31.1,29.2,31.3,,4.3,4.4,6.5,,--,--,0
2023年9月1日,2023,9,29.5,27.8,29.2,,3.1,0.5,3.1,,--,0,0
2023年9月2日,2023,9,28.5,25.9,27.5,,3.1,0.1,1.7,,--,16.5,0
2023年9月3日,2023,9,28.9,27.4,28,,10.9,9.7,12.1,,--,--,0
2023年9月4日,2023,9,29.6,29.1,28.8,,4.1,4.1,5.1,,0,0,0
2023年9月5日,2023,9,28.8,27.5,28.9,,3.9,1.1,5,,1,7,0
2023年9月6日,2023,9,25.4,24.1,25.3,,1.8,1.4,2.3,,6.5,34,8
2023年9月7日,2023,9,25.9,26.4,26.4,,9.2,7.5,10.9,,0,0.5,0
2023年9月8日,2023,9,26.9,26.3,26.1,,1.7,2.1,2.3,,0,0,0
2023年9月9日,2023,9,27.3,25.7,26.4,,7.7,3.3,8,,--,0,0
2023年9月10日,2023,9,27.8,26.2,27.2,,7.5,6.8,7.7,,0,0,0
2023年9月11日,2023,9,28.3,27.2,27.5,,4.6,6.4,2.7,,0,0.5,0
2023年9月12日,2023,9,26.8,26.1,26,,5,6.5,5.7,,5.5,0,7
2023年9月13日,2023,9,27.6,26.2,26.6,,6.7,8.5,9.9,,0,0,0
2023年9月14日,2023,9,27.8,26.6,27.2,,2.8,0.9,2,,0,1.5,0
2023年9月15日,2023,9,27,25.3,26.6,,4.4,2,4.4,,1,3.5,1.5
2023年9月16日,2023,9,28.7,27.1,28.1,,10.6,6.8,10.3,,--,--,0
2023年9月17日,2023,9,29.4,27.7,28.5,,11.6,10.8,10.2,,--,--,0
2023年9月18日,2023,9,28,27.3,27.5,,5.9,7.2,6.8,,21.5,0,24.5
2023年9月19日,2023,9,28.3,26.3,27.4,,8.6,5,7.4,,0,5,0
2023年9月20日,2023,9,26.6,25.2,25.9,,3.8,2.7,2.8,,4.5,0,13
2023年9月21日,2023,9,26.6,25.3,26.4,,0.5,1.7,0,,17.5,3.5,23.5
2023年9月22日,2023,9,23.7,22.2,23.7,,0.1,6.3,0.4,,0.5,1.5,1
2023年9月23日,2023,9,22.5,22,22.9,,5.7,7.3,8.8,,0,--,0
2023年9月24日,2023,9,23,22.9,23.2,,11.3,10.7,11.3,,0,--,0
2023年9月25日,2023,9,24.1,22.2,23.3,,4.6,3.1,4.6,,0,0,0
2023年9月26日,2023,9,24.2,22,23.5,,0,0,0,,1,8.5,0
2023年9月27日,2023,9,24.3,22.6,23.4,,0,0,0,,3.5,15,4
2023年9月28日,2023,9,23.6,23.2,23.4,,0,0,0,,33,17.5,16
2023年9月29日,2023,9,24.1,21.8,23.6,,10.7,6.6,9.9,,0,0,0
2023年9月30日,2023,9,23.6,21.5,23.6,,2.9,0,3.3,,12.5,24,25
2023年10月1日,2023,10,22.3,21.2,21.2,,3.8,3.7,3.4,,7.5,10.5,14.5
2023年10月2日,2023,10,20.8,18.8,20,,10.4,9.6,10.4,,0.5,1,0
2023年10月3日,2023,10,20.6,18.5,20,,6.8,7.7,6.9,,--,--,0
2023年10月4日,2023,10,22.2,21.1,21.5,,4.7,5.7,4.9,,1,0,1
2023年10月5日,2023,10,19.8,18.1,18.1,,1.8,2.1,0.9,,10,18,6.5
2023年10月6日,2023,10,19,18.2,17.8,,5.2,2.5,1.2,,0,3.5,0.5
2023年10月7日,2023,10,18.1,17.2,17.4,,6.1,5.1,7.1,,0,0,0
2023年10月8日,2023,10,17.6,16.7,16.7,,0.2,2.8,0.7,,2.5,1,7.5
2023年10月9日,2023,10,17.8,18.1,17.6,,0,0,0,,8.5,1,16.5
2023年10月10日,2023,10,19,18.4,18.5,,2.4,1.4,1.6,,9,16,29.5
2023年10月11日,2023,10,17.6,16.5,17.3,,7,7.8,9.8,,0,0,0
2023年10月12日,2023,10,17.4,15.3,16.5,,9.6,10.1,10,,--,--,0
2023年10月13日,2023,10,17.1,14.8,16.1,,10.1,10.3,9.9,,--,--,0
2023年10月14日,2023,10,17.8,15.9,17,,6.9,6.9,4.9,,1,0,1.5
2023年10月15日,2023,10,17.1,16.5,16.4,,1.3,1,1.1,,21,17,21.5
2023年10月16日,2023,10,19,17.6,18.4,,5.9,3.9,6.3,,1,1.5,6.5
2023年10月17日,2023,10,17.6,15,16.6,,10.2,7.4,10.2,,--,--,0
2023年10月18日,2023,10,18,16.2,16.7,,10.4,9,10,,--,--,0
2023年10月19日,2023,10,20.5,18.3,19.1,,8.8,6.1,8,,--,0,0
2023年10月20日,2023,10,18.6,17.4,18.2,,2,0.4,1.6,,41.5,65,39
2023年10月21日,2023,10,13,11.3,12.3,,0.6,0.7,0.2,,17.5,10.5,28
2023年10月22日,2023,10,14.2,12.9,13.4,,10.2,6.6,9,,0.5,7.5,0.5
2023年10月23日,2023,10,17.1,15.7,15.9,,5.9,4.5,6.6,,0,9,0
2023年10月24日,2023,10,18,15.8,16.6,,9.4,7,9.4,,--,--,0
2023年10月25日,2023,10,17.1,14.9,15.4,,6.2,3.6,4.4,,0,1.5,0
2023年10月26日,2023,10,17.3,15.3,16,,9.7,6.2,10.2,,--,1,0
2023年10月27日,2023,10,16.8,13.2,15.7,,5.5,0.9,5.4,,0.5,86,5.5
2023年10月28日,2023,10,14.8,15.2,13.6,,0.2,0,0,,38.5,6,34
2023年10月29日,2023,10,13.8,13.6,13,,5.3,2,4,,13,7,8
2023年10月30日,2023,10,14.8,13.2,13.3,,4.9,6.2,8.5,,--,--,0
2023年10月31日,2023,10,16.3,13.9,15,,8.5,5.7,7.9,,0,--,0
2023年11月1日,2023,11,16.8,16.5,14.7,,10.1,8.9,10,,--,--,0
2023年11月2日,2023,11,20,19.3,18,,7.8,3.2,8.9,,--,3,0
2023年11月3日,2023,11,19.9,18.8,18.3,,9.9,9.6,10.1,,--,--,0
2023年11月4日,2023,11,18.7,17.2,17.6,,2.8,0.9,3.7,,0,6,0
2023年11月5日,2023,11,19.6,18.3,19.1,,9.3,4.9,9.4,,1,0.5,0
2023年11月6日,2023,11,22,21.2,23.6,,0.7,0.2,0.2,,0.5,6,4.5
2023年11月7日,2023,11,18.1,17.1,17.5,,0.8,3.3,0.8,,42,32.5,35.5
2023年11月8日,2023,11,15.5,13.2,14.9,,8.1,5.3,9.1,,--,0,0
2023年11月9日,2023,11,17.6,15.2,17,,9.3,8.9,9.2,,--,--,0
2023年11月10日,2023,11,15.8,15.5,15.9,,0,0,0,,33,39,26
2023年11月11日,2023,11,10.3,9.2,10.3,,1.7,0.5,4.7,,1,0.5,2.5
2023年11月12日,2023,11,9.8,8.9,9.9,,0.4,0,0.5,,42,43.5,21
2023年11月13日,2023,11,7.8,9.1,7.2,,1.3,0.9,1,,10.5,2.5,12
2023年11月14日,2023,11,9.7,9.2,9.3,,3.4,0.6,2.3,,6.5,0.5,3
2023年11月15日,2023,11,11,10,10.8,,1.4,3,4.2,,5,12.5,6
2023年11月16日,2023,11,13,11.8,12.3,,5.5,3.3,3.9,,0,0,0
2023年11月17日,2023,11,11.6,10.9,11.1,,0,0,0,,44.5,37.5,43.5
2023年11月18日,2023,11,8,8,7.8,,0,0.5,0.2,,40,35.5,24
2023年11月19日,2023,11,12.1,12.7,11.2,,0.5,1.6,0.5,,10.5,6,11
2023年11月20日,2023,11,10.9,10.5,10.5,,1.4,0.8,1.9,,9.5,13.5,15.5
2023年11月21日,2023,11,9.4,8.4,8.5,,9.6,9,9.2,,--,--,0
2023年11月22日,2023,11,12.2,11.4,10.9,,9.7,8.5,9.3,,--,--,0
2023年11月23日,2023,11,16.5,14.4,15.8,,6.6,6.6,4.7,,0,16,0
2023年11月24日,2023,11,12.3,11.2,12.3,,0.6,0.6,0,,37,23.5,17.5
2023年11月25日,2023,11,6,6.8,6.6,,1.9,0,6.1,,10,0.5,8.5
2023年11月26日,2023,11,8.6,8.5,7.7,,8.1,4.6,7.2,,1,2.5,0
2023年11月27日,2023,11,13.8,12.6,13.5,,3.3,2.2,4.1,,0,1.5,0
2023年11月28日,2023,11,11.8,10.8,11.5,,0.6,0.4,0.5,,25,26,12
2023年11月29日,2023,11,9.2,8.1,8.4,,0.1,0,0,,9.5,21.5,11
2023年11月30日,2023,11,6.7,6.5,7,,1.2,0,0.1,,16,8.5,7.5
2023年12月1日,2023,12,5.6,4.7,4.8,,1,0.1,0.4,,12.5,17,10
2023年12月2日,2023,12,6.4,5.1,5.9,,3,0,3.1,,1,30.5,11
2023年12月3日,2023,12,7.9,7.1,6.8,,0.9,0.4,1.3,,20.5,23.5,22.5
2023年12月4日,2023,12,8.5,6.9,7.7,,8.3,3.5,8,,0,0.5,0
2023年12月5日,2023,12,7.8,7.8,6.9,,0.1,1,0.2,,--,--,0
2023年12月6日,2023,12,10.7,9.5,9.9,,8.2,8.2,7.9,,--,--,0
2023年12月7日,2023,12,11.4,9.8,10.8,,0.8,0.7,0.8,,9,17,11.5
2023年12月8日,2023,12,11.5,9.5,10.2,,8,6.4,7,,0,0,0
2023年12月9日,2023,12,12.9,14.2,12.3,,8.3,3.5,8.7,,--,0,0
2023年12月10日,2023,12,13.6,12.2,13.3,,3.5,0,4.6,,0,0,0
2023年12月11日,2023,12,9.9,8.7,10.2,,0.2,0,4.3,,5,2,3
2023年12月12日,2023,12,9.8,9.8,9.7,,0,0,0,,17.5,29.5,13.5
2023年12月13日,2023,12,8.4,6.8,7.8,,7.1,1.3,8,,--,0.5,0.5
2023年12月14日,2023,12,8.9,6.8,7.2,,4.9,3.5,2.7,,--,--,0
2023年12月15日,2023,12,15,12.9,15.8,,0,0,0,,22.5,62,7
2023年12月16日,2023,12,13.5,12.7,13.3,,0.4,0.3,0,,33.5,23,30
2023年12月17日,2023,12,4.6,3,4.1,,0.5,1,0.4,,6,12.5,9.5
2023年12月18日,2023,12,3.1,2.7,2.5,,0,1.3,0.8,,10.5,8,15.5
2023年12月19日,2023,12,5.7,4.1,5,,0.2,1.5,0,,1,6.5,3
2023年12月20日,2023,12,5.8,5,5.4,,0,0.1,0,,38.5,21.5,18.5
2023年12月21日,2023,12,3.1,1.2,2.5,,1.2,0,0.7,,34.5,55,30.5
2023年12月22日,2023,12,1.1,0.6,0.8,,0,0,0,,44.5,58.5,63.5
2023年12月23日,2023,12,2,1.6,1.6,,0.7,1.4,0.3,,12.5,24,20.5
2023年12月24日,2023,12,3.7,2.7,3.2,,0.7,0.1,0,,18,18.5,16
2023年12月25日,2023,12,4,3.7,3.1,,0.2,1.2,0,,27.5,5.5,30
2023年12月26日,2023,12,6.4,5.4,5.2,,0.5,0.1,0.2,,9,12.5,7.5
2023年12月27日,2023,12,5.6,5,4.6,,0.4,2,2.7,,1.5,0,0.5
2023年12月28日,2023,12,7.2,4.3,5.7,,7.5,7,7.2,,1,3,0.5
2023年12月29日,2023,12,8.3,6.3,6.8,,2,2.9,0.8,,0,3,2.5
2023年12月30日,2023,12,8.3,5.6,6.9,,8.6,7.9,7.7,,--,0,0
2023年12月31日,2023,12,8.8,7.2,8.7,,0.1,0,0,,37.5,28.5,23.5